,precision,recall,f1-score,support
0,0.7829766847652507,0.9739769566944776,0.8680949008498584,5034.0
1,0.8160112359550562,0.2994845360824742,0.4381598793363499,1940.0
accuracy,0.7863492973903069,0.7863492973903069,0.7863492973903069,0.7863492973903069
macro avg,0.7994939603601534,0.6367307463884759,0.6531273900931042,6974.0
weighted avg,0.7921661068054316,0.7863492973903069,0.7484972607959143,6974.0
