,precision,recall,f1-score,support
0,0.7435935637663885,0.9914580850218514,0.8498212157330155,5034.0
1,0.8358778625954199,0.11288659793814433,0.1989100817438692,1940.0
accuracy,0.7470605104674505,0.7470605104674505,0.7470605104674505,0.7470605104674505
macro avg,0.7897357131809042,0.5521723414799978,0.5243656487384424,6974.0
weighted avg,0.7692648484994429,0.7470605104674505,0.6687533063640817,6974.0
