,precision,recall,f1-score,support
0,0.8136363636363636,0.3616161616161616,0.5006993006993007,495.0
1,0.3247863247863248,0.7875647668393783,0.4599092284417549,193.0
accuracy,0.4811046511627907,0.4811046511627907,0.4811046511627907,0.4811046511627907
macro avg,0.5692113442113442,0.5745904642277699,0.4803042645705278,688.0
weighted avg,0.6765025591333731,0.4811046511627907,0.4892567368247275,688.0
