,precision,recall,f1-score,support
0,0.7704485488126649,0.5898989898989899,0.6681922196796338,495.0
1,0.343042071197411,0.5492227979274611,0.42231075697211157,193.0
accuracy,0.5784883720930233,0.5784883720930233,0.5784883720930233,0.5784883720930233
macro avg,0.5567453100050379,0.5695608939132255,0.5452514883258727,688.0
weighted avg,0.6505510921560602,0.5784883720930233,0.5992167512166225,688.0
