,precision,recall,f1-score,support
0,0.7299270072992701,0.6072874493927125,0.6629834254143646,494.0
1,0.2996389891696751,0.42783505154639173,0.3524416135881104,194.0
accuracy,0.5566860465116279,0.5566860465116279,0.5566860465116279,0.5566860465116279
macro avg,0.5147829982344726,0.5175612504695521,0.5077125195012375,688.0
weighted avg,0.6085957928848204,0.5566860465116279,0.5754178563819615,688.0
