,precision,recall,f1-score,support
0,0.7975460122699386,0.7894736842105263,0.7934893184130214,494.0
1,0.47738693467336685,0.4896907216494845,0.48346055979643765,194.0
accuracy,0.7049418604651163,0.7049418604651163,0.7049418604651163,0.7049418604651163
macro avg,0.6374664734716528,0.6395822029300055,0.6384749391047295,688.0
weighted avg,0.7072685979476495,0.7049418604651163,0.7060684184542754,688.0
