,precision,recall,f1-score,support
0,0.7535211267605634,0.6497975708502024,0.6978260869565217,494.0
1,0.33969465648854963,0.4587628865979381,0.39035087719298245,194.0
accuracy,0.5959302325581395,0.5959302325581395,0.5959302325581395,0.5959302325581395
macro avg,0.5466078916245565,0.5542802287240702,0.544088482074752,688.0
weighted avg,0.6368316860152572,0.5959302325581395,0.6111252283894771,688.0
