,precision,recall,f1-score,support
0,0.76,0.5384615384615384,0.6303317535545023,494.0
1,0.3254437869822485,0.5670103092783505,0.41353383458646614,194.0
accuracy,0.5465116279069767,0.5465116279069767,0.5465116279069767,0.5465116279069767
macro avg,0.5427218934911242,0.5527359238699445,0.5219327940704842,688.0
weighted avg,0.6374652538874364,0.5465116279069767,0.5691997822175852,688.0
