,precision,recall,f1-score,support
0,0.837537409149209,0.7784621498112457,0.8069199876428792,5033.0
1,0.514161220043573,0.6082474226804123,0.5572609208972845,1940.0
accuracy,0.7311056933887853,0.7311056933887853,0.7311056933887853,0.7311056933887853
macro avg,0.6758493145963911,0.693354786245829,0.6820904542700819,6973.0
weighted avg,0.7475689871120753,0.7311056933887853,0.7374608467442052,6973.0
