,precision,recall,f1-score,support
0,0.8356577459479834,0.8808104886769964,0.8576402321083172,5034.0
1,0.6402877697841727,0.5505154639175258,0.5920177383592018,1940.0
accuracy,0.7889303125896185,0.7889303125896185,0.7889303125896185,0.7889303125896185
macro avg,0.737972757866078,0.715662976297261,0.7248289852337595,6974.0
weighted avg,0.781310491322547,0.7889303125896185,0.783750407348741,6974.0
