,precision,recall,f1-score,support
0,0.774617067833698,0.7165991902834008,0.7444794952681388,494.0
1,0.3939393939393939,0.4690721649484536,0.42823529411764705,194.0
accuracy,0.6468023255813954,0.6468023255813954,0.6468023255813954,0.6468023255813954
macro avg,0.584278230886546,0.5928356776159271,0.5863573946928929,688.0
weighted avg,0.6672748167646646,0.6468023255813954,0.655305985060006,688.0
