,precision,recall,f1-score,support
0,0.8428682371214082,0.6468017481128328,0.7319321119478476,5034.0
1,0.4284795885567342,0.6871134020618557,0.5278162740051475,1940.0
accuracy,0.6580154860911959,0.6580154860911959,0.6580154860911959,0.6580154860911959
macro avg,0.6356739128390712,0.6669575750873442,0.6298741929764975,6974.0
weighted avg,0.7275952261928926,0.6580154860911959,0.6751519677538644,6974.0
