,precision,recall,f1-score,support
0,0.7443874845324376,0.8366779256904431,0.7878391019644527,5033.0
1,0.37537993920972645,0.25463917525773194,0.3034398034398034,1940.0
accuracy,0.6747454467230747,0.6747454467230747,0.6747454467230747,0.6747454467230747
macro avg,0.559883711871082,0.5456585504740875,0.5456394527021281,6973.0
weighted avg,0.6417236901934071,0.6747454467230747,0.6530714783967172,6973.0
