,precision,recall,f1-score,support
0,0.7878119164827704,0.9219308700834327,0.8496109839816933,5034.0
1,0.6371191135734072,0.3556701030927835,0.45650016539861066,1940.0
accuracy,0.7644106681961571,0.7644106681961571,0.7644106681961571,0.7644106681961571
macro avg,0.7124655150280887,0.6388004865881081,0.653055574690152,6974.0
weighted avg,0.7458927828945622,0.7644106681961571,0.7402569564435257,6974.0
