,precision,recall,f1-score,support
0,0.7748481943112816,0.9632499006754073,0.8588381154799858,5034.0
1,0.7416201117318436,0.2737113402061856,0.3998493975903614,1940.0
accuracy,0.7714367651276168,0.7714367651276168,0.7714367651276168,0.7714367651276168
macro avg,0.7582341530215626,0.6184806204407964,0.6293437565351736,6974.0
weighted avg,0.7656049364672739,0.7714367651276168,0.7311584319833022,6974.0
