,precision,recall,f1-score,support
0,0.748015873015873,0.7631578947368421,0.7555110220440882,494.0
1,0.3641304347826087,0.34536082474226804,0.3544973544973545,194.0
accuracy,0.6453488372093024,0.6453488372093024,0.6453488372093024,0.6453488372093024
macro avg,0.5560731538992408,0.5542593597395551,0.5550041882707213,688.0
weighted avg,0.6397691070024234,0.6453488372093024,0.6424344936951545,688.0
