,precision,recall,f1-score,support
0,0.7878787878787878,0.631578947368421,0.701123595505618,494.0
1,0.3767123287671233,0.5670103092783505,0.45267489711934156,194.0
accuracy,0.6133720930232558,0.6133720930232558,0.6133720930232558,0.6133720930232558
macro avg,0.5822955583229555,0.5992946283233858,0.5768992463124798,688.0
weighted avg,0.6719394084199755,0.6133720930232558,0.6310668404373947,688.0
