,precision,recall,f1-score,support
0,0.7360861759425493,0.8299595141700404,0.780209324452902,494.0
1,0.35877862595419846,0.2422680412371134,0.28923076923076924,194.0
accuracy,0.6642441860465116,0.6642441860465116,0.6642441860465116,0.6642441860465116
macro avg,0.5474324009483739,0.5361137777035769,0.5347200468418356,688.0
weighted avg,0.6296942214400201,0.6642441860465116,0.641764789986196,688.0
