,precision,recall,f1-score,support
0,0.8394160583941606,0.46558704453441296,0.5989583333333334,494.0
1,0.36231884057971014,0.7731958762886598,0.4934210526315789,194.0
accuracy,0.5523255813953488,0.5523255813953488,0.5523255813953488,0.5523255813953488
macro avg,0.6008674494869354,0.6193914604115364,0.5461896929824561,688.0
weighted avg,0.7048857382546208,0.5523255813953488,0.5691992745308038,688.0
