,precision,recall,f1-score,support
0,0.8647636874122602,0.734207389749702,0.7941555651052857,5034.0
1,0.5044444444444445,0.702061855670103,0.5870689655172414,1940.0
accuracy,0.7252652710065959,0.7252652710065959,0.7252652710065959,0.7252652710065959
macro avg,0.6846040659283523,0.7181346227099026,0.6906122653112636,6974.0
weighted avg,0.764531491920783,0.7252652710065959,0.7365490260744848,6974.0
