,precision,recall,f1-score,support
0,0.7388937664618086,0.8362480127186009,0.7845623193810012,5032.0
1,0.3542319749216301,0.2331098504383703,0.28118195956454123,1939.0
accuracy,0.6684837182613685,0.6684837182613685,0.6684837182613685,0.6684837182613685
macro avg,0.5465628706917194,0.5346789315784857,0.5328721394727712,6971.0
weighted avg,0.6318991869471899,0.6684837182613685,0.6445458916541161,6971.0
