,precision,recall,f1-score,support
0,0.7108433734939759,0.3582995951417004,0.47644683714670255,494.0
1,0.27790432801822323,0.6288659793814433,0.3854660347551343,194.0
accuracy,0.43459302325581395,0.43459302325581395,0.43459302325581395,0.43459302325581395
macro avg,0.4943738507560995,0.49358278726157184,0.4309564359509184,688.0
weighted avg,0.5887646310197084,0.43459302325581395,0.4507923667048941,688.0
