,precision,recall,f1-score,support
0,0.725177304964539,0.8279352226720648,0.7731568998109641,494.0
1,0.31451612903225806,0.20103092783505155,0.24528301886792453,194.0
accuracy,0.6511627906976745,0.6511627906976745,0.6511627906976745,0.6511627906976745
macro avg,0.5198467169983986,0.5144830752535582,0.5092199593394443,688.0
weighted avg,0.6093804036115411,0.6511627906976745,0.6243087415217932,688.0
