,precision,recall,f1-score,support
0,0.7683315621679064,0.7317813765182186,0.749611197511664,988.0
1,0.39080459770114945,0.4381443298969072,0.4131227217496962,388.0
accuracy,0.6489825581395349,0.6489825581395349,0.6489825581395349,0.6489825581395349
macro avg,0.579568079934528,0.5849628532075629,0.5813669596306801,1376.0
weighted avg,0.661877737885129,0.6489825581395349,0.6547292726601789,1376.0
