,precision,recall,f1-score,support
0,0.7186588921282799,0.9979757085020243,0.8355932203389831,494.0
1,0.5,0.005154639175257732,0.01020408163265306,194.0
accuracy,0.7180232558139535,0.7180232558139535,0.7180232558139535,0.7180232558139535
macro avg,0.60932944606414,0.5015651738386411,0.4228986509858181,688.0
weighted avg,0.6570021696386196,0.7180232558139535,0.6028526783200471,688.0
