,precision,recall,f1-score,support
0,0.7529761904761905,0.5121457489878543,0.6096385542168675,494.0
1,0.3153409090909091,0.5721649484536082,0.4065934065934066,194.0
accuracy,0.5290697674418605,0.5290697674418605,0.5290697674418605,0.5290697674418605
macro avg,0.5341585497835498,0.5421553487207312,0.5081159804051371,688.0
weighted avg,0.6295732186902245,0.5290697674418605,0.5523845445672287,688.0
