,precision,recall,f1-score,support
0,0.8329698291530353,0.910409217322209,0.869969627942293,5034.0
1,0.6936141304347826,0.5262886597938145,0.5984759671746777,1940.0
accuracy,0.8035560653857183,0.8035560653857183,0.8035560653857183,0.8035560653857183
macro avg,0.763291979793909,0.7183489385580117,0.7342227975584854,6974.0
weighted avg,0.7942044067966529,0.8035560653857183,0.7944465849412644,6974.0
