,precision,recall,f1-score,support
0,0.7704485488126649,0.5910931174089069,0.6689576174112256,494.0
1,0.34627831715210355,0.5515463917525774,0.4254473161033797,194.0
accuracy,0.5799418604651163,0.5799418604651163,0.5799418604651163,0.5799418604651163
macro avg,0.5583634329823842,0.5713197545807421,0.5472024667573027,688.0
weighted avg,0.6508424079083787,0.5799418604651163,0.600293375472676,688.0
