,precision,recall,f1-score,support
0,0.7674199623352166,0.9713945172824792,0.8574434508153603,5034.0
1,0.760797342192691,0.23608247422680412,0.36034618410700237,1940.0
accuracy,0.7668482936621738,0.7668482936621738,0.7668482936621738,0.7668482936621738
macro avg,0.7641086522639537,0.6037384957546417,0.6088948174611813,6974.0
weighted avg,0.7655777078074707,0.7668482936621738,0.719162880494997,6974.0
