,precision,recall,f1-score,support
0,0.779119656761481,0.9739769566944776,0.8657190783084665,5034.0
1,0.8076358296622613,0.28350515463917525,0.41968714231209464,1940.0
accuracy,0.7819042156581589,0.7819042156581589,0.7819042156581589,0.7819042156581589
macro avg,0.7933777432118712,0.6287410556668265,0.6427031103102806,6974.0
weighted avg,0.7870521740295501,0.7819042156581589,0.7416436616418531,6974.0
