,precision,recall,f1-score,support
0,0.7514563106796116,0.7818181818181819,0.7663366336633664,495.0
1,0.37572254335260113,0.33678756476683935,0.3551912568306011,193.0
accuracy,0.6569767441860465,0.6569767441860465,0.6569767441860465,0.6569767441860465
macro avg,0.5635894270161064,0.5593028732925106,0.5607639452469837,688.0
weighted avg,0.6460542509497962,0.6569767441860465,0.6510007939413842,688.0
