,precision,recall,f1-score,support
0,0.7857142857142857,0.6444444444444445,0.7081021087680355,495.0
1,0.375886524822695,0.5492227979274611,0.4463157894736842,193.0
accuracy,0.6177325581395349,0.6177325581395349,0.6177325581395349,0.6177325581395349
macro avg,0.5808004052684903,0.5968336211859528,0.5772089491208598,688.0
weighted avg,0.6707480679060343,0.6177325581395349,0.6346649581520328,688.0
