,precision,recall,f1-score,support
0,0.7505668934240363,0.6686868686868687,0.7072649572649573,495.0
1,0.3360323886639676,0.43005181347150256,0.37727272727272726,193.0
accuracy,0.6017441860465116,0.6017441860465116,0.6017441860465116,0.6017441860465116
macro avg,0.543299641044002,0.5493693410791856,0.5422688422688423,688.0
weighted avg,0.6342803245015171,0.6017441860465116,0.61469446251423,688.0
