,precision,recall,f1-score,support
0,0.7867647058823529,0.6484848484848484,0.7109634551495017,495.0
1,0.37857142857142856,0.5492227979274611,0.44820295983086683,193.0
accuracy,0.6206395348837209,0.6206395348837209,0.6206395348837209,0.6206395348837209
macro avg,0.5826680672268907,0.5988538232061548,0.5795832074901842,688.0
weighted avg,0.6722569987297244,0.6206395348837209,0.6372530255034311,688.0
