,precision,recall,f1-score,support
0,0.8165829145728644,0.6565656565656566,0.7278835386338186,495.0
1,0.41379310344827586,0.6217616580310881,0.4968944099378882,193.0
accuracy,0.6468023255813954,0.6468023255813954,0.6468023255813954,0.6468023255813954
macro avg,0.6151880090105701,0.6391636572983723,0.6123889742858534,688.0
weighted avg,0.7035910053475074,0.6468023255813954,0.6630857161944079,688.0
