,precision,recall,f1-score,support
0,0.7441860465116279,0.38866396761133604,0.5106382978723404,494.0
1,0.29603729603729606,0.6580310880829016,0.40836012861736337,193.0
accuracy,0.4643377001455604,0.4643377001455604,0.4643377001455604,0.4643377001455604
macro avg,0.520111671274462,0.5233475278471188,0.4594992132448519,687.0
weighted avg,0.6182869070042828,0.4643377001455604,0.48190512950813286,687.0
