,precision,recall,f1-score,support
0,0.7317880794701986,0.4473684210526316,0.5552763819095478,494.0
1,0.2909090909090909,0.5803108808290155,0.3875432525951557,193.0
accuracy,0.4847161572052402,0.4847161572052402,0.4847161572052402,0.4847161572052402
macro avg,0.5113485851896448,0.5138396509408235,0.47140981725235176,687.0
weighted avg,0.6079312457114012,0.4847161572052402,0.5081548477644565,687.0
