,precision,recall,f1-score,support
0,0.8494036789973721,0.8347238776321018,0.8419997996192766,5034.0
1,0.5895411938825851,0.615979381443299,0.6024703806402824,1940.0
accuracy,0.7738743905936335,0.7738743905936335,0.7738743905936335,0.7738743905936335
macro avg,0.7194724364399786,0.7253516295377004,0.7222350901297795,6974.0
weighted avg,0.7771161508753923,0.7738743905936335,0.7753684441820456,6974.0
