,precision,recall,f1-score,support
0,0.760061919504644,0.9753675009932459,0.8543587958935096,5034.0
1,0.7587548638132295,0.20103092783505155,0.31784841075794623,1940.0
accuracy,0.7599655864640091,0.7599655864640091,0.7599655864640091,0.7599655864640091
macro avg,0.7594083916589367,0.5881992144141487,0.5861036033257279,6974.0
weighted avg,0.7596983278726761,0.7599655864640091,0.7051144386863124,6974.0
