,precision,recall,f1-score,support
0,0.7441687713564107,0.9950337703615415,0.8515087122821929,5034.0
1,0.897119341563786,0.11237113402061856,0.19972514887769124,1940.0
accuracy,0.7494981359334671,0.7494981359334671,0.7494981359334671,0.7494981359334671
macro avg,0.8206440564600983,0.55370245219108,0.5256169305799421,6974.0
weighted avg,0.7867159618069854,0.7494981359334671,0.6701981139161572,6974.0
