,precision,recall,f1-score,support
0,0.8365878725590956,0.6468017481128328,0.7295541115841362,5034.0
1,0.42310188189487347,0.6721649484536083,0.5193150139386699,1940.0
accuracy,0.6538571838256381,0.6538571838256381,0.6538571838256381,0.6538571838256381
macro avg,0.6298448772269846,0.6594833482832205,0.624434562761403,6974.0
weighted avg,0.7215659594692488,0.6538571838256381,0.6710706229933412,6974.0
