,precision,recall,f1-score,support
0,0.8597322348094748,0.8291617004370282,0.8441702902214582,5034.0
1,0.5941481831052383,0.6489690721649485,0.620349839862035,1940.0
accuracy,0.779036420992257,0.779036420992257,0.779036420992257,0.779036420992257
macro avg,0.7269402089573566,0.7390653863009884,0.7322600650417466,6974.0
weighted avg,0.78585310370735,0.779036420992257,0.7819087941363878,6974.0
