,precision,recall,f1-score,support
0,0.7304161566707467,0.9485396383866481,0.8253090154723831,5033.0
1,0.4073226544622426,0.09175257731958762,0.14976861590239798,1940.0
accuracy,0.7101677900473254,0.7101677900473254,0.7101677900473254,0.7101677900473254
macro avg,0.5688694055664947,0.5201461078531179,0.48753881568739055,6973.0
weighted avg,0.6405263826445745,0.7101677900473254,0.6373628839413676,6973.0
