,precision,recall,f1-score,support
0,0.731629392971246,0.9271255060728745,0.8178571428571428,494.0
1,0.41935483870967744,0.13402061855670103,0.203125,194.0
accuracy,0.7034883720930233,0.7034883720930233,0.7034883720930233,0.7034883720930233
macro avg,0.5754921158404617,0.5305730623147877,0.5104910714285714,688.0
weighted avg,0.6435752308684201,0.7034883720930233,0.644516974667774,688.0
