,precision,recall,f1-score,support
0,0.7386759581881533,0.8582995951417004,0.7940074906367042,494.0
1,0.38596491228070173,0.2268041237113402,0.2857142857142857,194.0
accuracy,0.6802325581395349,0.6802325581395349,0.6802325581395349,0.6802325581395349
macro avg,0.5623204352344275,0.5425518594265203,0.5398608881754949,688.0
weighted avg,0.639219645824715,0.6802325581395349,0.6506806276207897,688.0
