,precision,recall,f1-score,support
0,0.7948717948717948,0.72165991902834,0.7564986737400531,988.0
1,0.4246861924686193,0.524547803617571,0.46936416184971097,387.0
accuracy,0.6661818181818182,0.6661818181818182,0.6661818181818182,0.6661818181818182
macro avg,0.609778993670207,0.6231038613229556,0.612931417794882,1375.0
weighted avg,0.6906813744135919,0.6661818181818182,0.675683360211644,1375.0
