,precision,recall,f1-score,support
0,0.8220881331139148,0.8931267381803735,0.8561363419975245,5034.0
1,0.6425249169435215,0.4984536082474227,0.5613933236574746,1940.0
accuracy,0.7833381129911099,0.7833381129911099,0.7833381129911099,0.7833381129911099
macro avg,0.7323065250287182,0.695790173213898,0.7087648328274996,6974.0
weighted avg,0.772137941061927,0.7833381129911099,0.774145883784204,6974.0
