,precision,recall,f1-score,support
0,0.7300150829562594,0.979757085020243,0.8366464995678479,494.0
1,0.6,0.07731958762886598,0.136986301369863,194.0
accuracy,0.7252906976744186,0.7252906976744186,0.7252906976744186,0.7252906976744186
macro avg,0.6650075414781297,0.5285383363245545,0.48681640046885544,688.0
weighted avg,0.6933538531691746,0.7252906976744186,0.6393585948434161,688.0
