,precision,recall,f1-score,support
0,0.7339743589743589,0.46356275303643724,0.5682382133995038,494.0
1,0.29521276595744683,0.5721649484536082,0.3894736842105263,194.0
accuracy,0.4941860465116279,0.4941860465116279,0.4941860465116279,0.4941860465116279
macro avg,0.5145935624659028,0.5178638507450227,0.47885594880501503,688.0
weighted avg,0.6102537935015668,0.4941860465116279,0.5178307734828445,688.0
