,precision,recall,f1-score,support
0,0.7368421052631579,0.4817813765182186,0.5826193390452876,494.0
1,0.29863013698630136,0.5618556701030928,0.38998211091234347,194.0
accuracy,0.5043604651162791,0.5043604651162791,0.5043604651162791,0.5043604651162791
macro avg,0.5177361211247296,0.5218185233106557,0.48630072497881555,688.0
weighted avg,0.6132765211850908,0.5043604651162791,0.5283001206473353,688.0
