,precision,recall,f1-score,support
0,0.7369942196531792,0.5161943319838057,0.6071428571428571,494.0
1,0.30116959064327486,0.5309278350515464,0.3843283582089552,194.0
accuracy,0.5203488372093024,0.5203488372093024,0.5203488372093024,0.5203488372093024
macro avg,0.519081905148227,0.523561083517676,0.4957356076759062,688.0
weighted avg,0.6141018097288747,0.5203488372093024,0.5443143501760301,688.0
