,precision,recall,f1-score,support
0,0.7212032281731474,0.993933265925177,0.8358843537414966,989.0
1,0.5384615384615384,0.01808785529715762,0.035,387.0
accuracy,0.7194767441860465,0.7194767441860465,0.7194767441860465,0.7194767441860465
macro avg,0.6298323833173429,0.5060105606111673,0.4354421768707483,1376.0
weighted avg,0.6698071279417573,0.7194767441860465,0.6106356292517007,1376.0
