,precision,recall,f1-score,support
0,0.7207602339181286,0.9959595959595959,0.8363019508057676,495.0
1,0.5,0.010362694300518135,0.02030456852791878,193.0
accuracy,0.7194767441860465,0.7194767441860465,0.7194767441860465,0.7194767441860465
macro avg,0.6103801169590644,0.503161145130057,0.4283032596668432,688.0
weighted avg,0.6588318543451652,0.7194767441860465,0.6073957083935222,688.0
