,precision,recall,f1-score,support
0,0.7408536585365854,0.737108190091001,0.7389761784085149,989.0
1,0.336734693877551,0.34108527131782945,0.33889602053915274,387.0
accuracy,0.6257267441860465,0.6257267441860465,0.6257267441860465,0.6257267441860465
macro avg,0.5387941762070682,0.5390967307044152,0.5389360994738338,1376.0
weighted avg,0.6271951997262319,0.6257267441860465,0.6264536340077568,1376.0
