,precision,recall,f1-score,support
0,0.8385631709331132,0.8069129916567342,0.822433691030573,5034.0
1,0.543661971830986,0.5969072164948453,0.5690417690417691,1940.0
accuracy,0.7484944078004014,0.7484944078004014,0.7484944078004014,0.7484944078004014
macro avg,0.6911125713820496,0.7019101040757898,0.695737730036171,6974.0
weighted avg,0.7565287106150567,0.7484944078004014,0.7519461188111465,6974.0
