,precision,recall,f1-score,support
0,0.718562874251497,0.97165991902834,0.8261617900172117,494.0
1,0.3,0.030927835051546393,0.056074766355140186,194.0
accuracy,0.7063953488372093,0.7063953488372093,0.7063953488372093,0.7063953488372093
macro avg,0.5092814371257485,0.5012938770399432,0.44111827818617594,688.0
weighted avg,0.6005378777329063,0.7063953488372093,0.6090151583450577,688.0
