,precision,recall,f1-score,support
0,0.8412341642827953,0.8178386968613429,0.8293714746172441,5034.0
1,0.5591346153846154,0.5994845360824742,0.5786069651741294,1940.0
accuracy,0.7570977917981072,0.7570977917981072,0.7570977917981072,0.7570977917981072
macro avg,0.7001843898337053,0.7086616164719086,0.7039892198956867,6974.0
weighted avg,0.7627608168691921,0.7570977917981072,0.7596147857271318,6974.0
