,precision,recall,f1-score,support
0,0.8372781065088757,0.5728744939271255,0.6802884615384616,494.0
1,0.3954154727793696,0.7150259067357513,0.5092250922509225,193.0
accuracy,0.6128093158660844,0.6128093158660844,0.6128093158660844,0.6128093158660844
macro avg,0.6163467896441226,0.6439502003314383,0.594756776894692,687.0
weighted avg,0.7131449357522605,0.6128093158660844,0.6322313577939273,687.0
