,precision,recall,f1-score,support
0,0.815,0.659919028340081,0.7293064876957495,494.0
1,0.4146341463414634,0.616580310880829,0.49583333333333335,193.0
accuracy,0.6477438136826783,0.6477438136826783,0.6477438136826783,0.6477438136826783
macro avg,0.6148170731707316,0.6382496696104549,0.6125699105145415,687.0
weighted avg,0.7025245855078637,0.6477438136826783,0.6637165040102381,687.0
