,precision,recall,f1-score,support
0,0.8398739616155829,0.5824394119984108,0.6878592375366569,5034.0
1,0.3964972724662647,0.7118556701030928,0.5093121888253734,1940.0
accuracy,0.6184399197017494,0.6184399197017494,0.6184399197017494,0.6184399197017494
macro avg,0.6181856170409238,0.6471475410507518,0.5985857131810152,6974.0
weighted avg,0.716537171115199,0.6184399197017494,0.6381917189677022,6974.0
