,precision,recall,f1-score,support
0,0.7398568019093079,0.6275303643724697,0.6790799561883899,494.0
1,0.3159851301115242,0.4381443298969072,0.367170626349892,194.0
accuracy,0.5741279069767442,0.5741279069767442,0.5741279069767442,0.5741279069767442
macro avg,0.527920966010416,0.5328373471346884,0.523125291269141,688.0
weighted avg,0.6203348479430724,0.5741279069767442,0.5911287788792786,688.0
