,precision,recall,f1-score,support
0,0.7783251231527094,0.6396761133603239,0.7022222222222222,494.0
1,0.36879432624113473,0.5360824742268041,0.4369747899159664,194.0
accuracy,0.6104651162790697,0.6104651162790697,0.6104651162790697,0.6104651162790697
macro avg,0.5735597246969221,0.587879293793564,0.5695985060690942,688.0
weighted avg,0.6628469623956665,0.6104651162790697,0.6274286148567955,688.0
