,precision,recall,f1-score,support
0,0.7140695915279879,0.9554655870445344,0.8173160173160173,494.0
1,0.18518518518518517,0.02577319587628866,0.04524886877828054,194.0
accuracy,0.6933139534883721,0.6933139534883721,0.6933139534883721,0.6933139534883721
macro avg,0.44962738835658655,0.49061939146041156,0.4312824430471489,688.0
weighted avg,0.5649364885766743,0.6933139534883721,0.5996110364783416,688.0
