,precision,recall,f1-score,support
0,0.7325112107623318,0.6491158354857938,0.6882966396292005,5033.0
1,0.29725427775567054,0.3850515463917526,0.33550415450258253,1940.0
accuracy,0.5756489315932884,0.5756489315932884,0.5756489315932884,0.5756489315932884
macro avg,0.5148827442590012,0.5170836909387732,0.5119003970658915,6973.0
weighted avg,0.6114157783755654,0.5756489315932884,0.5901441340870179,6973.0
