,precision,recall,f1-score,support
0,0.7343511450381679,0.9736842105263158,0.8372497824194952,494.0
1,0.6060606060606061,0.10309278350515463,0.1762114537444934,194.0
accuracy,0.7281976744186046,0.7281976744186046,0.7281976744186046,0.7281976744186046
macro avg,0.6702058755493869,0.5383884970157352,0.5067306180819943,688.0
weighted avg,0.6981761965474018,0.7281976744186046,0.6508523467175326,688.0
