,precision,recall,f1-score,support
0,0.7522935779816514,0.8299595141700404,0.7892204042348412,494.0
1,0.4125874125874126,0.30412371134020616,0.35014836795252224,194.0
accuracy,0.6816860465116279,0.6816860465116279,0.6816860465116279,0.6816860465116279
macro avg,0.582440495284532,0.5670416127551233,0.5696843860936818,688.0
weighted avg,0.6565043394838572,0.6816860465116279,0.6654123009808153,688.0
