precision,recall,f1-score,support
0.7828653477983408,0.9747715534366309,0.8683418863917891,5034.0
0.8201133144475921,0.2984536082474227,0.4376417233560091,1940.0
0.7866360768568971,0.7866360768568971,0.7866360768568971,0.7866360768568971
0.8014893311229665,0.6366125808420268,0.6529918048738991,6974.0
0.7932268412453651,0.7866360768568971,0.7485314022665506,6974.0
