,precision,recall,f1-score,support
0,0.8157894736842105,0.7530364372469636,0.783157894736842,494.0
1,0.47413793103448276,0.5670103092783505,0.5164319248826291,194.0
accuracy,0.7005813953488372,0.7005813953488372,0.7005813953488372,0.7005813953488372
macro avg,0.6449637023593466,0.660023373262657,0.6497949098097355,688.0
weighted avg,0.7194516840417001,0.7005813953488372,0.7079473741674855,688.0
