,precision,recall,f1-score,support
0,0.7457364341085271,0.9736842105263158,0.8446005267778753,494.0
1,0.6976744186046512,0.15463917525773196,0.25316455696202533,194.0
accuracy,0.7427325581395349,0.7427325581395349,0.7427325581395349,0.7427325581395349
macro avg,0.7217054263565892,0.5641616928920239,0.5488825418699503,688.0
weighted avg,0.7321840634577249,0.7427325581395349,0.6778293376146851,688.0
