,precision,recall,f1-score,support
0,0.7525354969574036,0.7510121457489879,0.75177304964539,494.0
1,0.36923076923076925,0.3711340206185567,0.37017994858611825,194.0
accuracy,0.6438953488372093,0.6438953488372093,0.6438953488372093,0.6438953488372093
macro avg,0.5608831330940864,0.5610730831837722,0.5609764991157542,688.0
weighted avg,0.6444524778019282,0.6438953488372093,0.6441726694048395,688.0
