,precision,recall,f1-score,support
0,0.7191176470588235,0.9898785425101214,0.8330494037478705,494.0
1,0.375,0.015463917525773196,0.0297029702970297,194.0
accuracy,0.7151162790697675,0.7151162790697675,0.7151162790697675,0.7151162790697675
macro avg,0.5470588235294118,0.5026712300179473,0.4313761870224501,688.0
weighted avg,0.6220844733242135,0.7151162790697675,0.6065243919899299,688.0
