,precision,recall,f1-score,support
0,0.8296935540683339,0.9358363130711164,0.8795743091859597,5034.0
1,0.7507716049382716,0.5015463917525773,0.6013597033374537,1940.0
accuracy,0.815027244049326,0.815027244049326,0.815027244049326,0.815027244049326
macro avg,0.7902325795033027,0.7186913524118468,0.7404670062617067,6974.0
weighted avg,0.8077393554287696,0.815027244049326,0.8021816600110095,6974.0
