,precision,recall,f1-score,support
0,0.7308641975308642,0.5991902834008097,0.6585094549499444,494.0
1,0.3003533568904594,0.4381443298969072,0.35639412997903563,194.0
accuracy,0.5537790697674418,0.5537790697674418,0.5537790697674418,0.5537790697674418
macro avg,0.5156087772106618,0.5186673066488585,0.50745179246449,688.0
weighted avg,0.6094701523502849,0.5537790697674418,0.5733199592459381,688.0
