,precision,recall,f1-score,support
0,0.6284916201117319,0.45546558704453444,0.528169014084507,494.0
1,0.18484848484848485,0.31443298969072164,0.23282442748091603,194.0
accuracy,0.41569767441860467,0.41569767441860467,0.41569767441860467,0.41569767441860467
macro avg,0.40667005248010835,0.38494928836762804,0.3804967207827115,688.0
weighted avg,0.5033945732497117,0.41569767441860467,0.44488870914105255,688.0
