,precision,recall,f1-score,support
0,0.7333333333333333,0.8016194331983806,0.7659574468085106,494.0
1,0.33783783783783783,0.25773195876288657,0.29239766081871343,194.0
accuracy,0.6482558139534884,0.6482558139534884,0.6482558139534884,0.6482558139534884
macro avg,0.5355855855855856,0.5296756959806336,0.5291775538136121,688.0
weighted avg,0.6218128011732662,0.6482558139534884,0.6324246001776668,688.0
