,precision,recall,f1-score,support
0,0.7926611462899822,0.9698053237981724,0.8723309211114089,5034.0
1,0.8134969325153374,0.34175257731958764,0.48130671506352085,1940.0
accuracy,0.7950960711213078,0.7950960711213078,0.7950960711213078,0.7950960711213078
macro avg,0.8030790394026598,0.65577895055888,0.6768188180874648,6974.0
weighted avg,0.798457163679886,0.7950960711213078,0.7635573392741701,6974.0
