,precision,recall,f1-score,support
0,0.7495487364620939,0.9898688915375446,0.8531073446327684,5034.0
1,0.843558282208589,0.14175257731958762,0.24271844660194175,1940.0
accuracy,0.7539432176656151,0.7539432176656151,0.7539432176656151,0.7539432176656151
macro avg,0.7965535093353414,0.5658107344285661,0.5479128956173551,6974.0
weighted avg,0.775699943624153,0.7539432176656151,0.6833117521206084,6974.0
