,precision,recall,f1-score,support
0,0.7715430861723447,0.7793522267206477,0.7754279959718026,494.0
1,0.42328042328042326,0.41237113402061853,0.4177545691906005,194.0
accuracy,0.6758720930232558,0.6758720930232558,0.6758720930232558,0.6758720930232558
macro avg,0.597411754726384,0.5958616803706331,0.5965912825812015,688.0
weighted avg,0.6733411143685181,0.6758720930232558,0.674572407606173,688.0
