,precision,recall,f1-score,support
0,0.8168604651162791,0.5688259109311741,0.6706443914081146,494.0
1,0.3808139534883721,0.6752577319587629,0.48698884758364314,194.0
accuracy,0.5988372093023255,0.5988372093023255,0.5988372093023255,0.5988372093023255
macro avg,0.5988372093023255,0.6220418214449686,0.5788166194958788,688.0
weighted avg,0.6939054894537589,0.5988372093023255,0.6188577991087723,688.0
