,precision,recall,f1-score,support
0,0.7995867768595041,0.7834008097165992,0.7914110429447853,494.0
1,0.47549019607843135,0.5,0.48743718592964824,194.0
accuracy,0.7034883720930233,0.7034883720930233,0.7034883720930233,0.7034883720930233
macro avg,0.6375384864689677,0.6417004048582996,0.6394241144372168,688.0
weighted avg,0.7081990782090272,0.7034883720930233,0.7056974844259821,688.0
