,precision,recall,f1-score,support
0,0.74375,0.9635627530364372,0.8395061728395061,494.0
1,0.625,0.15463917525773196,0.24793388429752067,194.0
accuracy,0.7354651162790697,0.7354651162790697,0.7354651162790697,0.7354651162790697
macro avg,0.684375,0.5591009641470845,0.5437200285685134,688.0
weighted avg,0.710265261627907,0.7354651162790697,0.6726965449657487,688.0
