,precision,recall,f1-score,support
0,0.7175843694493783,0.8178137651821862,0.7644276253547777,494.0
1,0.28,0.18041237113402062,0.219435736677116,194.0
accuracy,0.6380813953488372,0.6380813953488372,0.6380813953488372,0.6380813953488372
macro avg,0.49879218472468917,0.4991130681581034,0.49193168101594686,688.0
weighted avg,0.5941957536453385,0.6380813953488372,0.6107525869776463,688.0
