,precision,recall,f1-score,support
0,0.7979002624671916,0.6153846153846154,0.6948571428571428,494.0
1,0.3811074918566775,0.6030927835051546,0.46706586826347307,194.0
accuracy,0.6119186046511628,0.6119186046511628,0.6119186046511628,0.6119186046511628
macro avg,0.5895038771619345,0.6092386994448851,0.5809615055603079,688.0
weighted avg,0.6803743940101572,0.6119186046511628,0.6306253008932301,688.0
