,precision,recall,f1-score,support
0,0.722473604826546,0.9696356275303644,0.8280034572169404,494.0
1,0.4,0.05154639175257732,0.091324200913242,194.0
accuracy,0.7107558139534884,0.7107558139534884,0.7107558139534884,0.7107558139534884
macro avg,0.561236802413273,0.5105910096414709,0.4596638290650912,688.0
weighted avg,0.6315435476516188,0.7107558139534884,0.6202770390150254,688.0
