,precision,recall,f1-score,support
0,0.7421259842519685,0.7631578947368421,0.7524950099800399,494.0
1,0.35,0.3247422680412371,0.33689839572192515,194.0
accuracy,0.6395348837209303,0.6395348837209303,0.6395348837209303,0.6395348837209303
macro avg,0.5460629921259843,0.5439500813890397,0.5446967028509826,688.0
weighted avg,0.6315555759018495,0.6395348837209303,0.6353064297967924,688.0
