,precision,recall,f1-score,support
0,0.728486646884273,0.9919191919191919,0.8400342172797263,495.0
1,0.7142857142857143,0.05181347150259067,0.0966183574879227,193.0
accuracy,0.7281976744186046,0.7281976744186046,0.7281976744186046,0.7281976744186046
macro avg,0.7213861805849937,0.5218663317108913,0.4683262873838245,688.0
weighted avg,0.7245029550361308,0.7281976744186046,0.6314887798672,688.0
