,precision,recall,f1-score,support
0,0.8483071685265746,0.8909415971394518,0.8691018312179053,5034.0
1,0.6745702430349734,0.5865979381443299,0.627515853322305,1940.0
accuracy,0.8062804703183252,0.8062804703183252,0.8062804703183252,0.8062804703183252
macro avg,0.761438705780774,0.7387697676418908,0.7483088422701052,6974.0
weighted avg,0.7999777111916583,0.8062804703183252,0.8018983902776321,6974.0
