,precision,recall,f1-score,support
0,0.6525,0.52834008097166,0.5838926174496645,494.0
1,0.1909722222222222,0.28350515463917525,0.22821576763485477,194.0
accuracy,0.45930232558139533,0.45930232558139533,0.45930232558139533,0.45930232558139533
macro avg,0.4217361111111111,0.4059226178054176,0.4060541925422596,688.0
weighted avg,0.522359899870801,0.45930232558139533,0.483600017356535,688.0
