,precision,recall,f1-score,support
0,0.7598425196850394,0.7813765182186235,0.7704590818363274,494.0
1,0.4,0.3711340206185567,0.3850267379679144,194.0
accuracy,0.6656976744186046,0.6656976744186046,0.6656976744186046,0.6656976744186046
macro avg,0.5799212598425196,0.5762552694185901,0.577742909902121,688.0
weighted avg,0.6583752975645486,0.6656976744186046,0.6617761244083156,688.0
