,precision,recall,f1-score,support
0,0.7794117647058824,0.7510121457489879,0.7649484536082474,494.0
1,0.419811320754717,0.4587628865979381,0.43842364532019706,194.0
accuracy,0.6686046511627907,0.6686046511627907,0.6686046511627907,0.6686046511627907
macro avg,0.5996115427302997,0.604887516173463,0.6016860494642222,688.0
weighted avg,0.6780128023126759,0.6686046511627907,0.67287605127121,688.0
