,precision,recall,f1-score,support
0,0.7782515991471215,0.7388663967611336,0.7580477673935618,494.0
1,0.410958904109589,0.4639175257731959,0.4358353510895884,194.0
accuracy,0.6613372093023255,0.6613372093023255,0.6613372093023255,0.6613372093023255
macro avg,0.5946052516283553,0.6013919612671648,0.5969415592415751,688.0
weighted avg,0.6746836008371196,0.6613372093023255,0.6671913593078483,688.0
