,precision,recall,f1-score,support
0,0.7180232558139535,1.0,0.8358714043993232,494.0
1,0.0,0.0,0.0,194.0
accuracy,0.7180232558139535,0.7180232558139535,0.7180232558139535,0.7180232558139535
macro avg,0.35901162790697677,0.5,0.4179357021996616,688.0
weighted avg,0.5155573958896701,0.7180232558139535,0.6001751072285838,688.0
