,precision,recall,f1-score,support
0,0.7576301615798923,0.854251012145749,0.8030447193149381,494.0
1,0.45038167938931295,0.30412371134020616,0.3630769230769231,194.0
accuracy,0.6991279069767442,0.6991279069767442,0.6991279069767442,0.6991279069767442
macro avg,0.6040059204846027,0.5791873617429776,0.5830608211959306,688.0
weighted avg,0.6709932349156882,0.6991279069767442,0.6789840325850328,688.0
