,precision,recall,f1-score,support
0,0.8341880341880342,0.4939271255060729,0.6204704386522568,988.0
1,0.3670886075949367,0.7493540051679587,0.4927782497875956,387.0
accuracy,0.5658181818181818,0.5658181818181818,0.5658181818181818,0.5658181818181818
macro avg,0.6006383208914855,0.6216405653370158,0.5566243442199262,1375.0
weighted avg,0.7027207773941951,0.5658181818181818,0.5845308916772576,1375.0
