,precision,recall,f1-score,support
0,0.717948717948718,0.9919028340080972,0.832979175520612,988.0
1,0.2,0.00516795865633075,0.010075566750629723,387.0
accuracy,0.7141818181818181,0.7141818181818181,0.7141818181818181,0.7141818181818181
macro avg,0.458974358974359,0.498535396332214,0.42152737113562083,1375.0
weighted avg,0.572169696969697,0.7141818181818181,0.6013692143613515,1375.0
