,precision,recall,f1-score,support
0,0.7902439024390244,0.6558704453441295,0.7168141592920354,494.0
1,0.38848920863309355,0.5567010309278351,0.4576271186440678,194.0
accuracy,0.627906976744186,0.627906976744186,0.627906976744186,0.627906976744186
macro avg,0.589366555536059,0.6062857381359823,0.5872206389680517,688.0
weighted avg,0.676958421918166,0.627906976744186,0.6437294414349051,688.0
