,precision,recall,f1-score,support
0,0.7491909385113269,0.937246963562753,0.8327338129496403,494.0
1,0.5507246376811594,0.19689119170984457,0.2900763358778626,193.0
accuracy,0.7292576419213974,0.7292576419213974,0.7292576419213974,0.7292576419213974
macro avg,0.6499577880962432,0.5670690776362988,0.5614050744137514,687.0
weighted avg,0.6934354857307995,0.7292576419213974,0.6802841869309313,687.0
