,precision,recall,f1-score,support
0,0.905511811023622,0.46558704453441296,0.6149732620320856,494.0
1,0.3903002309468822,0.8756476683937824,0.5399361022364217,193.0
accuracy,0.5807860262008734,0.5807860262008734,0.5807860262008734,0.5807860262008734
macro avg,0.6479060209852521,0.6706173564640977,0.5774546821342537,687.0
weighted avg,0.7607726043936208,0.5807860262008734,0.5938929536760985,687.0
