,precision,recall,f1-score,support
0,0.7753378378378378,1.0,0.873453853472883,459.0
1,0.0,0.0,0.0,7.0
2,0.0,0.0,0.0,27.0
3,0.0,0.0,0.0,49.0
4,0.0,0.0,0.0,18.0
5,0.0,0.0,0.0,6.0
6,0.0,0.0,0.0,7.0
7,0.0,0.0,0.0,3.0
8,0.0,0.0,0.0,18.0
9,0.0,0.0,0.0,2.0
accuracy,0.7701342281879194,0.7701342281879194,0.7701342281879194,0.7701342281879194
macro avg,0.07753378378378378,0.1,0.08734538534728829,596.0
weighted avg,0.5971142073281335,0.7701342281879194,0.6726767093021028,596.0
