,precision,recall,f1-score,support
0,0.7297734627831716,0.9129554655870445,0.8111510791366906,494.0
1,0.37681159420289856,0.13471502590673576,0.1984732824427481,193.0
accuracy,0.6943231441048034,0.6943231441048034,0.6943231441048034,0.6943231441048034
macro avg,0.553292528493035,0.5238352457468901,0.5048121807897193,687.0
weighted avg,0.630615325030635,0.6943231441048034,0.6390305336316966,687.0
