,precision,recall,f1-score,support
0,0.8028503562945368,0.6828282828282828,0.7379912663755459,495.0
1,0.41198501872659177,0.5699481865284974,0.4782608695652174,193.0
accuracy,0.6511627906976745,0.6511627906976745,0.6511627906976745,0.6511627906976745
macro avg,0.6074176875105644,0.6263882346783901,0.6081260679703817,688.0
weighted avg,0.6932035392151569,0.6511627906976745,0.6651308498284625,688.0
