,precision,recall,f1-score,support
0,0.8078291814946619,0.4585858585858586,0.5850515463917526,495.0
1,0.3415233415233415,0.7202072538860104,0.4633333333333333,193.0
accuracy,0.5319767441860465,0.5319767441860465,0.5319767441860465,0.5319767441860465
macro avg,0.5746762615090018,0.5893965562359345,0.5241924398625429,688.0
weighted avg,0.6770195490608467,0.5319767441860465,0.5509067569727484,688.0
