,precision,recall,f1-score,support
0,0.7977011494252874,0.701010101010101,0.7462365591397849,495.0
1,0.4150197628458498,0.5440414507772021,0.47085201793721976,193.0
accuracy,0.6569767441860465,0.6569767441860465,0.6569767441860465,0.6569767441860465
macro avg,0.6063604561355685,0.6225257758936515,0.6085442885385024,688.0
weighted avg,0.6903501209226254,0.6569767441860465,0.6689847910408095,688.0
