,precision,recall,f1-score,support
0,0.7559726962457338,0.8949494949494949,0.8196114708603145,495.0
1,0.49019607843137253,0.25906735751295334,0.3389830508474576,193.0
accuracy,0.7165697674418605,0.7165697674418605,0.7165697674418605,0.7165697674418605
macro avg,0.6230843873385532,0.5770084262312242,0.579297260853886,688.0
weighted avg,0.6814161740972284,0.7165697674418605,0.6847840216415915,688.0
