,precision,recall,f1-score,support
0,0.7199413489736071,0.9929221435793731,0.8346791330216745,989.0
1,0.4166666666666667,0.012919896640826873,0.02506265664160401,387.0
accuracy,0.717296511627907,0.717296511627907,0.717296511627907,0.717296511627907
macro avg,0.5683040078201369,0.5029210201101,0.42987089483163926,1376.0
weighted avg,0.6346453445747801,0.717296511627907,0.6069744990397797,1376.0
