,precision,recall,f1-score,support
0,0.7369477911646586,0.3710819009100101,0.49361129791526565,989.0
1,0.29157175398633256,0.661498708010336,0.40474308300395256,387.0
accuracy,0.45276162790697677,0.45276162790697677,0.45276162790697677,0.45276162790697677
macro avg,0.5142597725754956,0.516290304460173,0.44917719045960913,1376.0
weighted avg,0.6116857807082543,0.45276162790697677,0.4686171124714589,1376.0
