,precision,recall,f1-score,support
0,0.7790432801822323,0.6923076923076923,0.7331189710610932,494.0
1,0.3895582329317269,0.5,0.43792325056433407,194.0
accuracy,0.6380813953488372,0.6380813953488372,0.6380813953488372,0.6380813953488372
macro avg,0.5843007565569797,0.5961538461538461,0.5855211108127136,688.0
weighted avg,0.6692175546493864,0.6380813953488372,0.6498806428977629,688.0
