,precision,recall,f1-score,support
0,0.8212121212121212,0.548582995951417,0.6577669902912622,494.0
1,0.3770949720670391,0.6958762886597938,0.4891304347826087,194.0
accuracy,0.5901162790697675,0.5901162790697675,0.5901162790697675,0.5901162790697675
macro avg,0.5991535466395801,0.6222296423056054,0.5734487125369354,688.0
weighted avg,0.6959814134590021,0.5901162790697675,0.6102154034181826,688.0
