,precision,recall,f1-score,support
0,0.8068535825545171,0.5242914979757085,0.6355828220858896,494.0
1,0.35967302452316074,0.6804123711340206,0.47058823529411764,194.0
accuracy,0.5683139534883721,0.5683139534883721,0.5683139534883721,0.5683139534883721
macro avg,0.5832633035388389,0.6023519345548646,0.5530855286900036,688.0
weighted avg,0.6807590647375359,0.5683139534883721,0.5890581856940237,688.0
