,precision,recall,f1-score,support
0,0.7898089171974523,0.5020242914979757,0.6138613861386139,494.0
1,0.3422459893048128,0.6597938144329897,0.4507042253521127,194.0
accuracy,0.5465116279069767,0.5465116279069767,0.5465116279069767,0.5465116279069767
macro avg,0.5660274532511326,0.5809090529654827,0.5322828057453632,688.0
weighted avg,0.6636065799719115,0.5465116279069767,0.567854861149397,688.0
