,precision,recall,f1-score,support
0,0.8232881597717546,0.9171632896305125,0.8676940424732194,5034.0
1,0.6947291361639825,0.48917525773195875,0.574107683000605,1940.0
accuracy,0.7981072555205048,0.7981072555205048,0.7981072555205048,0.7981072555205048
macro avg,0.7590086479678686,0.7031692736812356,0.7209008627369122,6974.0
weighted avg,0.7875261142026295,0.7981072555205048,0.786025339092538,6974.0
