,precision,recall,f1-score,support
0,0.7563786008230453,0.9292214357937311,0.8339382940108893,989.0
1,0.5652173913043478,0.2351421188630491,0.33211678832116787,387.0
accuracy,0.7340116279069767,0.7340116279069767,0.7340116279069767,0.7340116279069767
macro avg,0.6607979960636965,0.58218177732839,0.5830275411660286,1376.0
weighted avg,0.7026145106459117,0.7340116279069767,0.6928009955356551,1376.0
