,precision,recall,f1-score,support
0,0.7603833865814696,0.9616161616161616,0.8492417484388939,495.0
1,0.6935483870967742,0.22279792746113988,0.33725490196078434,193.0
accuracy,0.7543604651162791,0.7543604651162791,0.7543604651162791,0.7543604651162791
macro avg,0.726965886839122,0.5922070445386507,0.593248325199839,688.0
weighted avg,0.741634614923699,0.7543604651162791,0.7056175313309357,688.0
