,precision,recall,f1-score,support
0,0.7137546468401487,0.7757575757575758,0.7434656340755083,495.0
1,0.26,0.20207253886010362,0.22740524781341107,193.0
accuracy,0.6148255813953488,0.6148255813953488,0.6148255813953488,0.6148255813953488
macro avg,0.48687732342007434,0.48891505730883966,0.4854354409444597,688.0
weighted avg,0.5864659159678395,0.6148255813953488,0.5986986943246583,688.0
