,precision,recall,f1-score,support
0,0.7190684133915575,0.997979797979798,0.8358714043993232,495.0
1,0.0,0.0,0.0,193.0
accuracy,0.7180232558139535,0.7180232558139535,0.7180232558139535,0.7180232558139535
macro avg,0.35953420669577874,0.498989898989899,0.4179357021996616,688.0
weighted avg,0.517353000913984,0.7180232558139535,0.6013900365954433,688.0
