,precision,recall,f1-score,support
0,0.7418057210965435,0.9890742947953913,0.8477779669674783,5034.0
1,0.7900763358778626,0.10670103092783505,0.1880108991825613,1940.0
accuracy,0.7436191568683682,0.7436191568683682,0.7436191568683682,0.7436191568683682
macro avg,0.765941028487203,0.5478876628616132,0.5178944330750198,6974.0
weighted avg,0.7552334516207418,0.7436191568683682,0.6642465486275387,6974.0
