,precision,recall,f1-score,support
0,0.7604166666666666,0.5910931174089069,0.6651480637813212,494.0
1,0.3355263157894737,0.5257731958762887,0.40963855421686746,194.0
accuracy,0.5726744186046512,0.5726744186046512,0.5726744186046512,0.5726744186046512
macro avg,0.5479714912280702,0.5584331566425977,0.5373933089990943,688.0
weighted avg,0.6406074688902488,0.5726744186046512,0.5931003241657631,688.0
