,precision,recall,f1-score,support
0,0.7831325301204819,0.5263157894736842,0.6295399515738499,494.0
1,0.34269662921348315,0.6288659793814433,0.44363636363636366,194.0
accuracy,0.5552325581395349,0.5552325581395349,0.5552325581395349,0.5552325581395349
macro avg,0.5629145796669826,0.5775908844275637,0.5365881576051068,688.0
weighted avg,0.6589398487600782,0.5552325581395349,0.5771194631147331,688.0
