,precision,recall,f1-score,support
0,0.7780612244897959,0.6174089068825911,0.6884875846501128,494.0
1,0.3614864864864865,0.5515463917525774,0.43673469387755104,194.0
accuracy,0.5988372093023255,0.5988372093023255,0.5988372093023255,0.5988372093023255
macro avg,0.5697738554881412,0.5844776493175843,0.562611139263832,688.0
weighted avg,0.6605968361574673,0.5988372093023255,0.6174991241706405,688.0
