,precision,recall,f1-score,support
0,0.7342419080068143,0.8724696356275303,0.7974098057354302,494.0
1,0.37623762376237624,0.1958762886597938,0.2576271186440678,194.0
accuracy,0.6816860465116279,0.6816860465116279,0.6816860465116279,0.6816860465116279
macro avg,0.5552397658845953,0.5341729621436621,0.527518462189749,688.0
weighted avg,0.6332930255309117,0.6816860465116279,0.6452036410614123,688.0
