,precision,recall,f1-score,support
0,0.7159533073929961,0.3724696356275304,0.49001331557922767,494.0
1,0.28074245939675174,0.6237113402061856,0.3872,194.0
accuracy,0.4433139534883721,0.4433139534883721,0.4433139534883721,0.4433139534883721
macro avg,0.4983478833948739,0.49809048791685795,0.43860665778961383,688.0
weighted avg,0.5932339694405667,0.4433139534883721,0.4610223515932246,688.0
