,precision,recall,f1-score,support
0,0.7718446601941747,0.6437246963562753,0.7019867549668874,494.0
1,0.36231884057971014,0.5154639175257731,0.425531914893617,194.0
accuracy,0.6075581395348837,0.6075581395348837,0.6075581395348837,0.6075581395348837
macro avg,0.5670817503869424,0.5795943069410242,0.5637593349302522,688.0
weighted avg,0.6563679029191658,0.6075581395348837,0.6240329192485525,688.0
