,precision,recall,f1-score,support
0,0.7688984881209503,0.7206477732793523,0.7439916405433646,494.0
1,0.38666666666666666,0.4484536082474227,0.4152744630071599,194.0
accuracy,0.6438953488372093,0.6438953488372093,0.6438953488372093,0.6438953488372093
macro avg,0.5777825773938084,0.5845506907633875,0.5796330517752623,688.0
weighted avg,0.6611180035829691,0.6438953488372093,0.6513010410636789,688.0
