,precision,recall,f1-score,support
0,0.7594728171334432,0.9313131313131313,0.8366606170598911,495.0
1,0.5802469135802469,0.24352331606217617,0.34306569343065696,193.0
accuracy,0.7383720930232558,0.7383720930232558,0.7383720930232558,0.7383720930232558
macro avg,0.669859865356845,0.5874182236876537,0.589863155245274,688.0
weighted avg,0.709195783142503,0.7383720930232558,0.6981957620301786,688.0
