,precision,recall,f1-score,support
0,0.7555178268251274,0.898989898989899,0.8210332103321033,495.0
1,0.494949494949495,0.2538860103626943,0.3356164383561644,193.0
accuracy,0.7180232558139535,0.7180232558139535,0.7180232558139535,0.7180232558139535
macro avg,0.6252336608873111,0.5764379546762967,0.5783248243441339,688.0
weighted avg,0.6824223500053642,0.7180232558139535,0.6848625170307134,688.0
