,precision,recall,f1-score,support
0,0.7955390334572491,0.8646464646464647,0.8286544046466602,495.0
1,0.5533333333333333,0.43005181347150256,0.4839650145772595,193.0
accuracy,0.7427325581395349,0.7427325581395349,0.7427325581395349,0.7427325581395349
macro avg,0.6744361833952912,0.6473491390589836,0.6563097096119599,688.0
weighted avg,0.7275947018817902,0.7427325581395349,0.7319610146998661,688.0
