,precision,recall,f1-score,support
0,0.7226277372262774,1.0,0.8389830508474576,495.0
1,1.0,0.015544041450777202,0.030612244897959183,193.0
accuracy,0.7238372093023255,0.7238372093023255,0.7238372093023255,0.7238372093023255
macro avg,0.8613138686131387,0.5077720207253886,0.4347976478727084,688.0
weighted avg,0.8004371074520457,0.7238372093023255,0.6122162404575547,688.0
