,precision,recall,f1-score,support
0,0.695179584120983,0.8227069351230425,0.7535860655737705,1788.0
1,0.2924107142857143,0.16881443298969073,0.21405228758169934,776.0
accuracy,0.624804992199688,0.624804992199688,0.624804992199688,0.624804992199688
macro avg,0.49379514920334866,0.49576068405636664,0.48381917657773493,2564.0
weighted avg,0.5732807374001684,0.624804992199688,0.5902950313608816,2564.0
