,precision,recall,f1-score,support
0,0.8359032933561774,0.8722685736988478,0.8536988432001555,5034.0
1,0.6263800116211505,0.5556701030927835,0.5889101338432122,1940.0
accuracy,0.7841984513908804,0.7841984513908804,0.7841984513908804,0.7841984513908804
macro avg,0.731141652488664,0.7139693383958157,0.7213044885216839,6974.0
weighted avg,0.7776189276312058,0.7841984513908804,0.7800409573165207,6974.0
