,precision,recall,f1-score,support
0,0.7176820208023774,0.9777327935222672,0.8277634961439588,494.0
1,0.26666666666666666,0.020618556701030927,0.03827751196172249,194.0
accuracy,0.7078488372093024,0.7078488372093024,0.7078488372093024,0.7078488372093024
macro avg,0.49217434373452207,0.49917567511164906,0.43302050405284065,688.0
weighted avg,0.590506179665273,0.7078488372093024,0.6051468087437352,688.0
