,precision,recall,f1-score,support
0,0.7201166180758017,1.0,0.8372881355932204,494.0
1,1.0,0.010309278350515464,0.02040816326530612,194.0
accuracy,0.7209302325581395,0.7209302325581395,0.7209302325581395,0.7209302325581395
macro avg,0.8600583090379008,0.5051546391752577,0.42884814942926325,688.0
weighted avg,0.799037222862567,0.7209302325581395,0.6069469806054073,688.0
