,precision,recall,f1-score,support
0,0.8009196185286104,0.9342471195868097,0.8624610306253438,5034.0
1,0.6996370235934665,0.3974226804123711,0.5069033530571992,1940.0
accuracy,0.7849154000573559,0.7849154000573559,0.7849154000573559,0.7849154000573559
macro avg,0.7502783210610384,0.6658348999995904,0.6846821918412715,6974.0
weighted avg,0.7727452230347504,0.7849154000573559,0.763553388743755,6974.0
