,precision,recall,f1-score,support
0,0.8027210884353742,0.4777327935222672,0.5989847715736041,494.0
1,0.34517766497461927,0.7010309278350515,0.46258503401360546,194.0
accuracy,0.5406976744186046,0.5406976744186046,0.5406976744186046,0.5406976744186046
macro avg,0.5739493767049967,0.5893818606786594,0.5307849027936048,688.0
weighted avg,0.6737044835641729,0.5406976744186046,0.5605232176686045,688.0
