,precision,recall,f1-score,support
0,0.7768595041322314,0.5708502024291497,0.6581096849474912,494.0
1,0.3476923076923077,0.5824742268041238,0.43545279383429675,194.0
accuracy,0.5741279069767442,0.5741279069767442,0.5741279069767442,0.5741279069767442
macro avg,0.5622759059122695,0.5766622146166367,0.546781239390894,688.0
weighted avg,0.6558443353686482,0.5741279069767442,0.5953256197208056,688.0
