,precision,recall,f1-score,support
0,0.7254509018036072,0.7327935222672065,0.729103726082578,494.0
1,0.30158730158730157,0.29381443298969073,0.29765013054830286,194.0
accuracy,0.6090116279069767,0.6090116279069767,0.6090116279069767,0.6090116279069767
macro avg,0.5135191016954543,0.5133039776284486,0.5133769283154405,688.0
weighted avg,0.6059312238356372,0.6090116279069767,0.6074438459464597,688.0
