,precision,recall,f1-score,support
0,0.7127882599580713,0.6882591093117408,0.7003089598352215,494.0
1,0.27014218009478674,0.29381443298969073,0.2814814814814815,194.0
accuracy,0.5770348837209303,0.5770348837209303,0.5770348837209303,0.5770348837209303
macro avg,0.491465220026429,0.49103677115071576,0.49089522065835145,688.0
weighted avg,0.5879723595315056,0.5770348837209303,0.582209351113382,688.0
