,precision,recall,f1-score,support
0,0.7223529411764706,0.6214574898785425,0.6681175190424374,494.0
1,0.2889733840304182,0.3917525773195876,0.33260393873085337,194.0
accuracy,0.5566860465116279,0.5566860465116279,0.5566860465116279,0.5566860465116279
macro avg,0.5056631626034445,0.5066050335990651,0.5003607288866454,688.0
weighted avg,0.6001499846556361,0.5566860465116279,0.5735104920359733,688.0
