,precision,recall,f1-score,support
0,0.7651888341543513,0.9433198380566802,0.8449682683590208,494.0
1,0.6455696202531646,0.26288659793814434,0.37362637362637363,194.0
accuracy,0.751453488372093,0.751453488372093,0.751453488372093,0.751453488372093
macro avg,0.705379227203758,0.6031032179974123,0.6092973209926973,688.0
weighted avg,0.7314589976764004,0.751453488372093,0.7120608154838267,688.0
