,precision,recall,f1-score,support
0,0.7457886676875957,0.9858299595141701,0.8491717523975588,494.0
1,0.7941176470588235,0.13989637305699482,0.23788546255506607,193.0
accuracy,0.7481804949053857,0.7481804949053857,0.7481804949053857,0.7481804949053857
macro avg,0.7699531573732096,0.5628631662855824,0.5435286074763125,687.0
weighted avg,0.7593658045415212,0.7481804949053857,0.6774421251201191,687.0
