,precision,recall,f1-score,support
0,0.842529448233106,0.5399284862932062,0.6581113801452785,5034.0
1,0.3820704375667022,0.7381443298969073,0.5035161744022504,1940.0
accuracy,0.5950673931746487,0.5950673931746487,0.5950673931746487,0.5950673931746487
macro avg,0.6122999428999041,0.6390364080950568,0.5808137772737645,6974.0
weighted avg,0.714440764451514,0.5950673931746487,0.6151066914241035,6974.0
