,precision,recall,f1-score,support
0,0.7369402985074627,0.7995951417004049,0.7669902912621359,494.0
1,0.34868421052631576,0.27319587628865977,0.3063583815028902,194.0
accuracy,0.6511627906976745,0.6511627906976745,0.6511627906976745,0.6511627906976745
macro avg,0.5428122545168892,0.5363955089945324,0.536674336382513,688.0
weighted avg,0.6274611109081277,0.6511627906976745,0.6371028050800229,688.0
