,precision,recall,f1-score,support
0,0.7749287749287749,0.5506072874493927,0.6437869822485207,494.0
1,0.34124629080118696,0.5927835051546392,0.4331450094161959,194.0
accuracy,0.5625,0.5625,0.5625,0.5625
macro avg,0.5580875328649809,0.5716953963020159,0.5384659958323583,688.0
weighted avg,0.6526404000439608,0.5625,0.5843908445603362,688.0
