,precision,recall,f1-score,support
0,0.8573894282632146,0.7894318633293603,0.8220084807115524,5034.0
1,0.5468148781530568,0.6592783505154639,0.5978032250525824,1940.0
accuracy,0.7532262689991397,0.7532262689991397,0.7532262689991397,0.7532262689991397
macro avg,0.7021021532081357,0.7243551069224121,0.7099058528820674,6974.0
weighted avg,0.7709950165606471,0.7532262689991397,0.7596399409956932,6974.0
