,precision,recall,f1-score,support
0,0.8575479930191972,0.7808899483512117,0.8174256602204201,5034.0
1,0.5383005441607367,0.6632284682826199,0.5942698706099815,1939.0
accuracy,0.7481715187150437,0.7481715187150437,0.7481715187150437,0.7481715187150437
macro avg,0.6979242685899669,0.7220592083169158,0.7058477654152008,6973.0
weighted avg,0.7687740358506104,0.7481715187150437,0.755372157272673,6973.0
