,precision,recall,f1-score,support
0,0.8314407381121363,0.930870083432658,0.8783505154639175,5034.0
1,0.7399103139013453,0.5103092783505154,0.6040268456375839,1940.0
accuracy,0.8138801261829653,0.8138801261829653,0.8138801261829653,0.8138801261829653
macro avg,0.7856755260067407,0.7205896808915867,0.7411886805507507,6974.0
weighted avg,0.80597916326715,0.8138801261829653,0.8020402316292333,6974.0
