,precision,recall,f1-score,support
0,0.8492485549132948,0.7296384584823202,0.7849129180467999,5034.0
1,0.4862212155530389,0.6639175257731958,0.5613423403791675,1940.0
accuracy,0.7113564668769716,0.7113564668769716,0.7113564668769716,0.7113564668769716
macro avg,0.6677348852331668,0.696777992127758,0.6731276292129837,6974.0
weighted avg,0.7482630317760857,0.7113564668769716,0.7227209305682787,6974.0
