,precision,recall,f1-score,support
0,0.8123393316195373,0.6396761133603239,0.7157417893544734,494.0
1,0.40468227424749165,0.6237113402061856,0.4908722109533469,194.0
accuracy,0.6351744186046512,0.6351744186046512,0.6351744186046512,0.6351744186046512
macro avg,0.6085108029335144,0.6316937267832547,0.6033070001539101,688.0
weighted avg,0.6973895218373035,0.6351744186046512,0.6523337977704349,688.0
