,precision,recall,f1-score,support
0,0.7515151515151515,0.7530364372469636,0.7522750252780587,494.0
1,0.36787564766839376,0.36597938144329895,0.3669250645994832,194.0
accuracy,0.6438953488372093,0.6438953488372093,0.6438953488372093,0.6438953488372093
macro avg,0.5596953995917726,0.5595079093451313,0.5596000449387709,688.0
weighted avg,0.6433377332792924,0.6438953488372093,0.643615297993693,688.0
