,precision,recall,f1-score,support
0,0.717032967032967,0.52834008097166,0.6083916083916084,494.0
1,0.2808641975308642,0.4690721649484536,0.35135135135135137,194.0
accuracy,0.5116279069767442,0.5116279069767442,0.5116279069767442,0.5116279069767442
macro avg,0.49894858228191563,0.4987061229600568,0.47987147987147993,688.0
weighted avg,0.5940435174931299,0.5116279069767442,0.5359122335866522,688.0
