,precision,recall,f1-score,support
0,0.8616002471424158,0.5540325784664283,0.6744045460041107,5034.0
1,0.3990899357601713,0.7689530685920578,0.5254625550660793,1939.0
accuracy,0.613796070557866,0.613796070557866,0.613796070557866,0.613796070557866
macro avg,0.6303450914512936,0.661492823529243,0.599933550535095,6973.0
weighted avg,0.7329888182351776,0.613796070557866,0.6329878644568796,6973.0
