,precision,recall,f1-score,support
0,0.7417721518987341,0.8887765419615774,0.8086476540938362,989.0
1,0.42408376963350786,0.20930232558139536,0.28027681660899656,387.0
accuracy,0.6976744186046512,0.6976744186046512,0.6976744186046512,0.6976744186046512
macro avg,0.582927960766121,0.5490394337714863,0.5444622353514164,1376.0
weighted avg,0.6524222943866392,0.6976744186046512,0.6600433560512251,1376.0
