,precision,recall,f1-score,support
0,0.7200888606791495,0.9016491158354858,0.8007057785619762,5033.0
1,0.26229508196721313,0.09072164948453608,0.1348142474147836,1940.0
accuracy,0.6760361393948086,0.6760361393948086,0.6760361393948086,0.6760361393948086
macro avg,0.49119197132318126,0.49618538266001094,0.4677600129883799,6973.0
weighted avg,0.5927233177706228,0.6760361393948086,0.6154441163756068,6973.0
