,precision,recall,f1-score,support
0,0.8133612419326705,0.9263011521652761,0.8661651342063713,5034.0
1,0.7010475423045931,0.4484536082474227,0.5469977994341402,1940.0
accuracy,0.7933753943217665,0.7933753943217665,0.7933753943217665,0.7933753943217665
macro avg,0.7572043921186318,0.6873773802063494,0.7065814668202557,6974.0
weighted avg,0.7821182569486627,0.7933753943217665,0.7773804153279474,6974.0
