,precision,recall,f1-score,support
0,0.7837259100642399,0.7408906882591093,0.7617065556711758,494.0
1,0.42081447963800905,0.4793814432989691,0.44819277108433736,194.0
accuracy,0.6671511627906976,0.6671511627906976,0.6671511627906976,0.6671511627906976
macro avg,0.6022701948511244,0.6101360657790392,0.6049496633777566,688.0
weighted avg,0.6813933264847504,0.6671511627906976,0.6733029594359337,688.0
