,precision,recall,f1-score,support
0,0.7952069716775599,0.7388663967611336,0.7660020986358866,494.0
1,0.4366812227074236,0.5154639175257731,0.4728132387706856,194.0
accuracy,0.6758720930232558,0.6758720930232558,0.6758720930232558,0.6758720930232558
macro avg,0.6159440971924918,0.6271651571434533,0.6194076687032861,688.0
weighted avg,0.694111048276097,0.6758720930232558,0.6833296584994781,688.0
