,precision,recall,f1-score,support
0,0.7889908256880734,0.5222672064777328,0.6285018270401949,494.0
1,0.3462603878116344,0.6443298969072165,0.45045045045045046,194.0
accuracy,0.5566860465116279,0.5566860465116279,0.5566860465116279,0.5566860465116279
macro avg,0.567625606749854,0.5832985516924747,0.5394761387453226,688.0
weighted avg,0.6641511382636124,0.5566860465116279,0.578295479571575,688.0
