,precision,recall,f1-score,support
0,0.7215743440233237,1.0,0.838272650296359,495.0
1,1.0,0.010362694300518135,0.020512820512820513,193.0
accuracy,0.7223837209302325,0.7223837209302325,0.7223837209302325,0.7223837209302325
macro avg,0.8607871720116618,0.5051813471502591,0.4293927354045898,688.0
weighted avg,0.7996792155400365,0.7223837209302325,0.6088720003716164,688.0
