,precision,recall,f1-score,support
0,0.7699619771863118,0.8181818181818182,0.7933398628795298,495.0
1,0.4444444444444444,0.37305699481865284,0.4056338028169014,193.0
accuracy,0.6933139534883721,0.6933139534883721,0.6933139534883721,0.6933139534883721
macro avg,0.6072032108153781,0.5956194065002356,0.5994868328482157,688.0
weighted avg,0.6786467390770379,0.6933139534883721,0.6845792966119612,688.0
