,precision,recall,f1-score,support
0,0.764525993883792,0.7583417593528817,0.7614213197969543,989.0
1,0.3949367088607595,0.40310077519379844,0.3989769820971867,387.0
accuracy,0.6584302325581395,0.6584302325581395,0.6584302325581395,0.6584302325581395
macro avg,0.5797313513722757,0.5807212672733401,0.5801991509470705,1376.0
weighted avg,0.6605790074710641,0.6584302325581395,0.6594838498188946,1376.0
