,precision,recall,f1-score,support
0,0.7527173913043478,0.5595959595959596,0.641946697566628,495.0
1,0.31875,0.5284974093264249,0.39766081871345027,193.0
accuracy,0.5508720930232558,0.5508720930232558,0.5508720930232558,0.5508720930232558
macro avg,0.5357336956521739,0.5440466844611922,0.5198037581400392,688.0
weighted avg,0.6309794457785641,0.5508720930232558,0.5734188274813615,688.0
