,precision,recall,f1-score,support
0,0.7194767441860465,1.0,0.8368554522400676,495.0
1,0.0,0.0,0.0,193.0
accuracy,0.7194767441860465,0.7194767441860465,0.7194767441860465,0.7194767441860465
macro avg,0.35973837209302323,0.5,0.4184277261200338,688.0
weighted avg,0.5176467854245538,0.7194767441860465,0.6020980361320254,688.0
