,precision,recall,f1-score,support
0,0.7247976453274466,0.9959555106167847,0.8390119250425895,989.0
1,0.7647058823529411,0.03359173126614987,0.06435643564356436,387.0
accuracy,0.7252906976744186,0.7252906976744186,0.7252906976744186,0.7252906976744186
macro avg,0.7447517638401939,0.5147736209414673,0.4516841803430769,1376.0
weighted avg,0.7360218369908669,0.7252906976744186,0.6211400686491136,1376.0
