,precision,recall,f1-score,support
0,0.7587131367292225,0.5728744939271255,0.6528258362168397,494.0
1,0.33015873015873015,0.5360824742268041,0.4086444007858546,194.0
accuracy,0.5625,0.5625,0.5625,0.5625
macro avg,0.5444359334439763,0.5544784840769648,0.5307351185013471,688.0
weighted avg,0.6378707604578918,0.5625,0.5839723500633351,688.0
