,precision,recall,f1-score,support
0,0.7289293849658315,0.6477732793522267,0.6859592711682744,494.0
1,0.30120481927710846,0.3865979381443299,0.33860045146726864,194.0
accuracy,0.5741279069767442,0.5741279069767442,0.5741279069767442,0.5741279069767442
macro avg,0.51506710212147,0.5171856087482783,0.5122798613177715,688.0
weighted avg,0.6083210045245346,0.5741279069767442,0.5880121621246769,688.0
