,precision,recall,f1-score,support
0,0.772256728778468,0.7550607287449392,0.7635619242579325,494.0
1,0.4097560975609756,0.4329896907216495,0.42105263157894735,194.0
accuracy,0.6642441860465116,0.6642441860465116,0.6642441860465116,0.6642441860465116
macro avg,0.5910064131697218,0.5940252097332943,0.59230727791844,688.0
weighted avg,0.6700399810223728,0.6642441860465116,0.6669822690548465,688.0
