,precision,recall,f1-score,support
0,0.7181818181818181,0.31983805668016196,0.4425770308123249,494.0
1,0.28205128205128205,0.6804123711340206,0.3987915407854985,194.0
accuracy,0.42151162790697677,0.42151162790697677,0.42151162790697677,0.42151162790697677
macro avg,0.5001165501165501,0.5001252139070913,0.4206842857989117,688.0
weighted avg,0.5952031495636146,0.42151162790697677,0.4302305408919698,688.0
