,precision,recall,f1-score,support
0,0.7526315789473684,0.5789473684210527,0.6544622425629291,494.0
1,0.3246753246753247,0.5154639175257731,0.398406374501992,194.0
accuracy,0.561046511627907,0.561046511627907,0.561046511627907,0.561046511627907
macro avg,0.5386534518113466,0.5472056429734129,0.5264343085324605,688.0
weighted avg,0.6319578677136817,0.561046511627907,0.5822604425573741,688.0
