,precision,recall,f1-score,support
0,0.7308698495748855,0.8883147853736089,0.8019375672766416,5032.0
1,0.34192037470725994,0.15067079463364294,0.20916905444126074,1938.0
accuracy,0.6832137733142037,0.6832137733142037,0.6832137733142037,0.6832137733142037
macro avg,0.5363951121410727,0.5194927900036259,0.5055533108589512,6970.0
weighted avg,0.6227229224165702,0.6832137733142037,0.6371190051711941,6970.0
