,precision,recall,f1-score,support
0,0.8811475409836066,0.4352226720647773,0.5826558265582655,494.0
1,0.3716216216216216,0.8505154639175257,0.5172413793103449,194.0
accuracy,0.5523255813953488,0.5523255813953488,0.5523255813953488,0.5523255813953488
macro avg,0.6263845813026141,0.6428690679911515,0.5499486029343053,688.0
weighted avg,0.737473081163512,0.5523255813953488,0.564210473700567,688.0
