,precision,recall,f1-score,support
0,0.8099547511312217,0.7246963562753036,0.7649572649572649,494.0
1,0.44715447154471544,0.5670103092783505,0.5,194.0
accuracy,0.6802325581395349,0.6802325581395349,0.6802325581395349,0.6802325581395349
macro avg,0.6285546113379685,0.645853332776827,0.6324786324786325,688.0
weighted avg,0.7076535095036313,0.6802325581395349,0.6902454780361756,688.0
