,precision,recall,f1-score,support
0,0.7605118829981719,0.8421052631578947,0.7992315081652257,494.0
1,0.44680851063829785,0.3247422680412371,0.3761194029850746,194.0
accuracy,0.6962209302325582,0.6962209302325582,0.6962209302325582,0.6962209302325582
macro avg,0.6036601968182349,0.5834237655995659,0.5876754555751502,688.0
weighted avg,0.6720548274199515,0.6962209302325582,0.6799237343208226,688.0
