,precision,recall,f1-score,support
0,0.7027027027027027,0.6842105263157895,0.6933333333333334,494.0
1,0.2463768115942029,0.26288659793814434,0.2543640897755611,194.0
accuracy,0.565406976744186,0.565406976744186,0.565406976744186,0.565406976744186
macro avg,0.4745397571484528,0.47354856212696694,0.4738487115544472,688.0
weighted avg,0.5740294136401316,0.565406976744186,0.569554215237101,688.0
