,precision,recall,f1-score,support
0,0.7374045801526717,0.9777327935222672,0.8407310704960835,494.0
1,0.6666666666666666,0.1134020618556701,0.19383259911894274,194.0
accuracy,0.7340116279069767,0.7340116279069767,0.7340116279069767,0.7340116279069767
macro avg,0.7020356234096692,0.5455674276889686,0.5172818348075131,688.0
weighted avg,0.7174581336173738,0.7340116279069767,0.658320745718227,688.0
