,precision,recall,f1-score,support
0,0.7674418604651163,0.868421052631579,0.8148148148148148,494.0
1,0.49612403100775193,0.32989690721649484,0.39628482972136225,194.0
accuracy,0.7165697674418605,0.7165697674418605,0.7165697674418605,0.7165697674418605
macro avg,0.6317829457364341,0.5991589799240369,0.6055498222680885,688.0
weighted avg,0.6909365422751037,0.7165697674418605,0.6967990922739283,688.0
