,precision,recall,f1-score,support
0,0.8257859281437125,0.8766388557806913,0.8504528810946232,5034.0
1,0.6190184049079754,0.5201030927835052,0.565266106442577,1940.0
accuracy,0.7774591339260108,0.7774591339260108,0.7774591339260108,0.7774591339260108
macro avg,0.722402166525844,0.6983709742820983,0.7078594937686001,6974.0
weighted avg,0.7682681485226442,0.7774591339260108,0.7711207413147309,6974.0
