,precision,recall,f1-score,support
0,0.8766519823788547,0.402834008097166,0.5520110957004161,494.0
1,0.358695652173913,0.8549222797927462,0.5053598774885145,193.0
accuracy,0.529839883551674,0.529839883551674,0.529839883551674,0.529839883551674
macro avg,0.6176738172763838,0.6288781439449561,0.5286854865944652,687.0
weighted avg,0.731141688740494,0.529839883551674,0.5389052949509299,687.0
