,precision,recall,f1-score,support
0,0.8411764705882353,0.5789473684210527,0.6858513189448441,494.0
1,0.40057636887608067,0.7202072538860104,0.5148148148148148,193.0
accuracy,0.61863173216885,0.61863173216885,0.61863173216885,0.61863173216885
macro avg,0.620876419732158,0.6495773111535315,0.6003330668798295,687.0
weighted avg,0.7173979849543985,0.61863173216885,0.6378017624716336,687.0
