,precision,recall,f1-score,support
0,0.7652582159624414,0.659919028340081,0.7086956521739131,494.0
1,0.3563218390804598,0.48186528497409326,0.40969162995594716,193.0
accuracy,0.6098981077147017,0.6098981077147017,0.6098981077147017,0.6098981077147017
macro avg,0.5607900275214506,0.5708921566570871,0.5591936410649301,687.0
weighted avg,0.6503750707830782,0.6098981077147017,0.6246959778099139,687.0
