,precision,recall,f1-score,support
0,0.7540106951871658,0.5708502024291497,0.6497695852534562,494.0
1,0.3226837060702875,0.5233160621761658,0.39920948616600793,193.0
accuracy,0.5574963609898108,0.5574963609898108,0.5574963609898108,0.5574963609898108
macro avg,0.5383472006287267,0.5470831323026577,0.5244895357097321,687.0
weighted avg,0.6328373197875188,0.5574963609898108,0.5793793390760508,687.0
