,precision,recall,f1-score,support
0,0.7423780487804879,0.9858299595141701,0.8469565217391304,494.0
1,0.7741935483870968,0.12435233160621761,0.21428571428571427,193.0
accuracy,0.7438136826783115,0.7438136826783115,0.7438136826783115,0.7438136826783115
macro avg,0.7582857985837923,0.5550911455601939,0.5306211180124223,687.0
weighted avg,0.7513160275637127,0.7438136826783115,0.6692193080003978,687.0
