,precision,recall,f1-score,support
0,0.7224669603524229,0.9959514170040485,0.8374468085106384,494.0
1,0.6666666666666666,0.02072538860103627,0.04020100502512563,193.0
accuracy,0.7219796215429404,0.7219796215429404,0.7219796215429404,0.7219796215429404
macro avg,0.6945668135095447,0.5083384028025424,0.43882390676788197,687.0
weighted avg,0.7067908953140664,0.7219796215429404,0.6134752800205308,687.0
