,precision,recall,f1-score,support
0,0.7234678624813154,0.979757085020243,0.8323301805674979,494.0
1,0.47368421052631576,0.04639175257731959,0.08450704225352113,194.0
accuracy,0.7165697674418605,0.7165697674418605,0.7165697674418605,0.7165697674418605
macro avg,0.5985760365038156,0.5130744187987812,0.4584186114105095,688.0
weighted avg,0.6530346815521441,0.7165697674418605,0.6214614467987312,688.0
