,precision,recall,f1-score,support
0,0.7167883211678832,0.9939271255060729,0.8329092451229856,494.0
1,0.0,0.0,0.0,194.0
accuracy,0.7136627906976745,0.7136627906976745,0.7136627906976745,0.7136627906976745
macro avg,0.3583941605839416,0.49696356275303644,0.4164546225614928,688.0
weighted avg,0.5146706840943812,0.7136627906976745,0.5980482079807483,688.0
