,precision,recall,f1-score,support
0,0.8405124396583735,0.899284862932062,0.8689059500959693,5034.0
1,0.6807304785894207,0.5572164948453608,0.61281179138322,1940.0
accuracy,0.8041296243188988,0.8041296243188988,0.8041296243188988,0.8041296243188988
macro avg,0.7606214591238971,0.7282506788887114,0.7408588707395947,6974.0
weighted avg,0.7960649196592672,0.8041296243188988,0.7976666802504382,6974.0
