,precision,recall,f1-score,support
0,0.768313458262351,1.0,0.8689788053949904,451.0
1,0.0,0.0,0.0,7.0
2,0.0,0.0,0.0,27.0
3,0.0,0.0,0.0,49.0
4,0.0,0.0,0.0,17.0
5,0.0,0.0,0.0,7.0
6,0.0,0.0,0.0,7.0
7,0.0,0.0,0.0,3.0
8,0.0,0.0,0.0,17.0
9,0.0,0.0,0.0,2.0
accuracy,0.768313458262351,0.768313458262351,0.768313458262351,0.768313458262351
macro avg,0.0768313458262351,0.1,0.08689788053949904,587.0
weighted avg,0.5903055701470533,0.768313458262351,0.6676481111297116,587.0
