,precision,recall,f1-score,support
0,0.7861290322580645,0.9682161303138657,0.867722983799181,5034.0
1,0.7932816537467701,0.31649484536082473,0.4524686809137804,1940.0
accuracy,0.7869228563234872,0.7869228563234872,0.7869228563234872,0.7869228563234872
macro avg,0.7897053430024172,0.6423554878373452,0.6600958323564807,6974.0
weighted avg,0.7881187204840595,0.7869228563234872,0.7522091685428464,6974.0
