,precision,recall,f1-score,support
0,0.8255105696882837,0.9153754469606674,0.8681235870384325,5034.0
1,0.6939655172413793,0.4979381443298969,0.5798319327731093,1940.0
accuracy,0.7992543733868654,0.7992543733868654,0.7992543733868654,0.7992543733868654
macro avg,0.7597380434648315,0.7066567956452822,0.7239777599057708,6974.0
weighted avg,0.7889178823141806,0.7992543733868654,0.7879277440107973,6974.0
