,precision,recall,f1-score,support
0,0.7289733178654292,0.9986094557012316,0.8427493713327745,5034.0
1,0.9102564102564102,0.0365979381443299,0.07036669970267592,1940.0
accuracy,0.7310008603383997,0.7310008603383997,0.7310008603383997,0.7310008603383997
macro avg,0.8196148640609198,0.5176036969227807,0.4565580355177252,6974.0
weighted avg,0.779401938347004,0.7310008603383997,0.627890985476395,6974.0
