,precision,recall,f1-score,support
0,0.7310549777117384,0.9959514170040485,0.8431876606683805,494.0
1,0.8666666666666667,0.06701030927835051,0.12440191387559808,194.0
accuracy,0.7340116279069767,0.7340116279069767,0.7340116279069767,0.7340116279069767
macro avg,0.7988608221892026,0.5314808631411996,0.48379478727198927,688.0
weighted avg,0.76929432023682,0.7340116279069767,0.6405067960204157,688.0
