,precision,recall,f1-score,support
0,0.7604355716878403,0.8481781376518218,0.8019138755980861,494.0
1,0.45255474452554745,0.31958762886597936,0.37462235649546827,194.0
accuracy,0.6991279069767442,0.6991279069767442,0.6991279069767442,0.6991279069767442
macro avg,0.6064951581066939,0.5838828832589006,0.5882681160467772,688.0
weighted avg,0.67362033844731,0.6991279069767442,0.68142760422322,688.0
