,precision,recall,f1-score,support
0,0.7701342281879194,1.0,0.8701421800947867,459.0
1,0.0,0.0,0.0,7.0
2,0.0,0.0,0.0,27.0
3,0.0,0.0,0.0,49.0
4,0.0,0.0,0.0,18.0
5,0.0,0.0,0.0,7.0
6,0.0,0.0,0.0,7.0
7,0.0,0.0,0.0,2.0
8,0.0,0.0,0.0,18.0
9,0.0,0.0,0.0,2.0
accuracy,0.7701342281879194,0.7701342281879194,0.7701342281879194,0.7701342281879194
macro avg,0.07701342281879195,0.1,0.08701421800947867,596.0
weighted avg,0.5931067294266024,0.7701342281879194,0.6701262762810521,596.0
