,precision,recall,f1-score,support
0,0.7734962406015038,0.9809296781883194,0.8649500788229112,5034.0
1,0.8372881355932204,0.25463917525773194,0.3905138339920949,1940.0
accuracy,0.7788930312589618,0.7788930312589618,0.7788930312589618,0.7788930312589618
macro avg,0.805392188097362,0.6177844267230257,0.627731956407503,6974.0
weighted avg,0.7912416200514507,0.7788930312589618,0.732973262795985,6974.0
