,precision,recall,f1-score,support
0,0.8095238095238095,0.7212121212121212,0.7628205128205128,495.0
1,0.44129554655870445,0.5647668393782384,0.4954545454545455,193.0
accuracy,0.6773255813953488,0.6773255813953488,0.6773255813953488,0.6773255813953488
macro avg,0.625409678041257,0.6429894802951798,0.6291375291375292,688.0
weighted avg,0.7062272183141216,0.6773255813953488,0.6878181411611644,688.0
