,precision,recall,f1-score,support
0,0.7617260787992496,0.8202020202020202,0.7898832684824902,495.0
1,0.4258064516129032,0.34196891191709844,0.3793103448275862,193.0
accuracy,0.686046511627907,0.686046511627907,0.686046511627907,0.686046511627907
macro avg,0.5937662652060764,0.5810854660595592,0.5845968066550382,688.0
weighted avg,0.6674928112891263,0.686046511627907,0.6747080151897628,688.0
