,precision,recall,f1-score,support
0,0.6681818181818182,0.593939393939394,0.6288770053475936,495.0
1,0.18951612903225806,0.24352331606217617,0.21315192743764172,193.0
accuracy,0.4956395348837209,0.4956395348837209,0.4956395348837209,0.4956395348837209
macro avg,0.4288489736070381,0.41873135500078507,0.42101446639261764,688.0
weighted avg,0.5339049606151538,0.4956395348837209,0.5122564529687845,688.0
