,precision,recall,f1-score,support
0,0.7573839662447257,0.7252525252525253,0.7409700722394221,495.0
1,0.3644859813084112,0.40414507772020725,0.3832923832923833,193.0
accuracy,0.6351744186046512,0.6351744186046512,0.6351744186046512,0.6351744186046512
macro avg,0.5609349737765684,0.5646988014863663,0.5621312277659027,688.0
weighted avg,0.6471669443076492,0.6351744186046512,0.6406331624039883,688.0
