,precision,recall,f1-score,support
0,0.7584610472541508,0.94378228049265,0.8410338112940343,5034.0
1,0.6014084507042253,0.22010309278350515,0.3222641509433962,1940.0
accuracy,0.7424720390020074,0.7424720390020074,0.7424720390020074,0.7424720390020074
macro avg,0.679934748979188,0.5819426866380776,0.5816489811187153,6974.0
weighted avg,0.7147727711849143,0.7424720390020074,0.696724499409859,6974.0
