,precision,recall,f1-score,support
0,0.7190684133915575,1.0,0.8365791701947503,494.0
1,0.0,0.0,0.0,193.0
accuracy,0.7190684133915575,0.7190684133915575,0.7190684133915575,0.7190684133915575
macro avg,0.35953420669577874,0.5,0.4182895850973751,687.0
weighted avg,0.5170593831374518,0.7190684133915575,0.6015576565883648,687.0
