,precision,recall,f1-score,support
0,0.799618320610687,0.8481781376518218,0.8231827111984283,494.0
1,0.5398773006134969,0.45595854922279794,0.4943820224719101,193.0
accuracy,0.7379912663755459,0.7379912663755459,0.7379912663755459,0.7379912663755459
macro avg,0.669747810612092,0.6520683434373099,0.6587823668351692,687.0
weighted avg,0.7266488637555812,0.7379912663755459,0.7308122120365389,687.0
