,precision,recall,f1-score,support
0,0.8283246355947453,0.9143822010329757,0.8692285903125295,5034.0
1,0.6958362738179252,0.5082474226804123,0.5874292523086089,1940.0
accuracy,0.801405219386292,0.801405219386292,0.801405219386292,0.801405219386292
macro avg,0.7620804547063353,0.7113148118566941,0.7283289213105693,6974.0
weighted avg,0.7914695421265735,0.801405219386292,0.790838754389443,6974.0
