,precision,recall,f1-score,support
0,0.7211678832116788,1.0,0.8379983036471587,494.0
1,1.0,0.015463917525773196,0.030456852791878174,194.0
accuracy,0.7223837209302325,0.7223837209302325,0.7223837209302325,0.7223837209302325
macro avg,0.8605839416058394,0.5077319587628866,0.4342275782195184,688.0
weighted avg,0.799792055678153,0.7223837209302325,0.6102903945397103,688.0
