,precision,recall,f1-score,support
0,0.726,0.7348178137651822,0.7303822937625755,494.0
1,0.30319148936170215,0.29381443298969073,0.29842931937172773,194.0
accuracy,0.6104651162790697,0.6104651162790697,0.6104651162790697,0.6104651162790697
macro avg,0.5145957446808511,0.5143161233774365,0.5144058065671516,688.0
weighted avg,0.6067778327560613,0.6104651162790697,0.6085816004023655,688.0
