,precision,recall,f1-score,support
0,0.7108433734939759,0.7165991902834008,0.7137096774193549,494.0
1,0.2631578947368421,0.25773195876288657,0.2604166666666667,194.0
accuracy,0.5872093023255814,0.5872093023255814,0.5872093023255814,0.5872093023255814
macro avg,0.48700063411540895,0.4871655745231437,0.48706317204301075,688.0
weighted avg,0.5846064797746677,0.5872093023255814,0.5858915900850212,688.0
