,precision,recall,f1-score,support
0,0.7231270358306189,0.4493927125506073,0.5543071161048689,494.0
1,0.28608923884514437,0.5618556701030928,0.3791304347826087,194.0
accuracy,0.4811046511627907,0.4811046511627907,0.4811046511627907,0.4811046511627907
macro avg,0.5046081373378817,0.50562419132685,0.46671877544373885,688.0
weighted avg,0.5998925407504124,0.4811046511627907,0.5049113658483013,688.0
