,precision,recall,f1-score,support
0,0.8305489260143198,0.703030303030303,0.7614879649890591,495.0
1,0.45353159851301117,0.6321243523316062,0.5281385281385281,193.0
accuracy,0.6831395348837209,0.6831395348837209,0.6831395348837209,0.6831395348837209
macro avg,0.6420402622636655,0.6675773276809547,0.6448132465637937,688.0
weighted avg,0.7247867978053771,0.6831395348837209,0.6960280212213956,688.0
