,precision,recall,f1-score,support
0,0.7755102040816326,0.8068756319514662,0.7908820614469773,989.0
1,0.4495677233429395,0.40310077519379844,0.4250681198910082,387.0
accuracy,0.6933139534883721,0.6933139534883721,0.6933139534883721,0.6933139534883721
macro avg,0.612538963712286,0.6049882035726323,0.6079750906689927,1376.0
weighted avg,0.6838388813738753,0.6933139534883721,0.6879968903843611,1376.0
