,precision,recall,f1-score,support
0,0.7866419294990723,0.8565656565656565,0.8201160541586073,495.0
1,0.5234899328859061,0.40414507772020725,0.45614035087719296,193.0
accuracy,0.7296511627906976,0.7296511627906976,0.7296511627906976,0.7296511627906976
macro avg,0.6550659311924891,0.6303553671429318,0.6381282025179001,688.0
weighted avg,0.7128216746352044,0.7296511627906976,0.7180124048369315,688.0
