,precision,recall,f1-score,support
0,0.7894736842105263,0.5763397371081901,0.6662770309760374,989.0
1,0.35932721712538224,0.6072351421188631,0.4514889529298751,387.0
accuracy,0.5850290697674418,0.5850290697674418,0.5850290697674418,0.5850290697674418
macro avg,0.5744004506679543,0.5917874396135265,0.5588829919529563,1376.0
weighted avg,0.6684949903428294,0.5850290697674418,0.6058678840255542,1376.0
