,precision,recall,f1-score,support
0,0.7244444444444444,0.9888776541961577,0.8362548097477555,989.0
1,0.5769230769230769,0.03875968992248062,0.07263922518159806,387.0
accuracy,0.721656976744186,0.721656976744186,0.721656976744186,0.721656976744186
macro avg,0.6506837606837607,0.5138186720593192,0.45444701746467675,1376.0
weighted avg,0.6829540598290598,0.721656976744186,0.6214879265885237,1376.0
