,precision,recall,f1-score,support
0,0.7775891341256367,0.9271255060728745,0.8457987072945522,988.0
1,0.6363636363636364,0.3247422680412371,0.4300341296928328,388.0
accuracy,0.7572674418604651,0.7572674418604651,0.7572674418604651,0.7572674418604651
macro avg,0.7069763852446365,0.6259338870570558,0.6379164184936925,1376.0
weighted avg,0.737766828070654,0.7572674418604651,0.7285627653545323,1376.0
