,precision,recall,f1-score,support
0,0.7211009174311926,0.7955465587044535,0.7564966313763234,494.0
1,0.2937062937062937,0.21649484536082475,0.24925816023738873,194.0
accuracy,0.6322674418604651,0.6322674418604651,0.6322674418604651,0.6322674418604651
macro avg,0.5074036055687432,0.506020702032639,0.5028773958068561,688.0
weighted avg,0.6005855729506252,0.6322674418604651,0.6134671787586586,688.0
