,precision,recall,f1-score,support
0,0.7564102564102564,0.4777327935222672,0.5856079404466501,494.0
1,0.31382978723404253,0.6082474226804123,0.41403508771929826,194.0
accuracy,0.5145348837209303,0.5145348837209303,0.5145348837209303,0.5145348837209303
macro avg,0.5351200218221495,0.5429901081013397,0.49982151408297415,688.0
weighted avg,0.6316128566716146,0.5145348837209303,0.5372283860438793,688.0
