,precision,recall,f1-score,support
0,0.7668269230769231,0.645748987854251,0.701098901098901,494.0
1,0.35661764705882354,0.5,0.41630901287553645,194.0
accuracy,0.6046511627906976,0.6046511627906976,0.6046511627906976,0.6046511627906976
macro avg,0.5617222850678734,0.5728744939271255,0.5587039569872188,688.0
weighted avg,0.6511574469904241,0.6046511627906976,0.6207947756405686,688.0
