,precision,recall,f1-score,support
0,0.7760180995475113,0.694331983805668,0.7329059829059829,494.0
1,0.3861788617886179,0.4896907216494845,0.4318181818181818,194.0
accuracy,0.6366279069767442,0.6366279069767442,0.6366279069767442,0.6366279069767442
macro avg,0.5810984806680646,0.5920113527275762,0.5823620823620823,688.0
weighted avg,0.6660925005282885,0.6366279069767442,0.6480062250411087,688.0
