,precision,recall,f1-score,support
0,0.7551487414187643,0.6666666666666666,0.7081545064377682,495.0
1,0.3426294820717131,0.44559585492227977,0.38738738738738737,193.0
accuracy,0.6046511627906976,0.6046511627906976,0.6046511627906976,0.6046511627906976
macro avg,0.5488891117452387,0.5561312607944732,0.5477709469125778,688.0
weighted avg,0.639427495700769,0.6046511627906976,0.6181718698436933,688.0
