,precision,recall,f1-score,support
0,0.7429245283018868,0.6363636363636364,0.6855277475516867,495.0
1,0.3181818181818182,0.43523316062176165,0.3676148796498906,193.0
accuracy,0.5799418604651163,0.5799418604651163,0.5799418604651163,0.5799418604651163
macro avg,0.5305531732418525,0.5357983984926991,0.5265713136007886,688.0
weighted avg,0.623774320375763,0.5799418604651163,0.5963457947827235,688.0
