,precision,recall,f1-score,support
0,0.7153284671532847,0.593939393939394,0.6490066225165563,495.0
1,0.2743682310469314,0.39378238341968913,0.32340425531914896,193.0
accuracy,0.5377906976744186,0.5377906976744186,0.5377906976744186,0.5377906976744186
macro avg,0.49484834910010805,0.4938608886795416,0.4862054389178526,688.0
weighted avg,0.5916288660362408,0.5377906976744186,0.5576675863696091,688.0
