,precision,recall,f1-score,support
0,0.8067933411804271,0.9531187922129519,0.8738730534559694,5034.0
1,0.7702044790652386,0.4077319587628866,0.5331985170205595,1940.0
accuracy,0.801405219386292,0.801405219386292,0.801405219386292,0.801405219386292
macro avg,0.7884989101228328,0.6804253754879193,0.7035357852382644,6974.0
weighted avg,0.7966151948507073,0.801405219386292,0.7791055454713559,6974.0
