,precision,recall,f1-score,support
0,0.857331571994716,0.7735399284862932,0.8132832080200502,5034.0
1,0.53125,0.6659793814432989,0.5910338517840805,1940.0
accuracy,0.7436191568683682,0.7436191568683682,0.7436191568683682,0.7436191568683682
macro avg,0.6942907859973579,0.719759654964796,0.7021585299020654,6974.0
weighted avg,0.7666234776916261,0.7436191568683682,0.7514587527436261,6974.0
