,precision,recall,f1-score,support
0,0.6827309236947792,0.6882591093117408,0.6854838709677419,494.0
1,0.18947368421052632,0.18556701030927836,0.1875,194.0
accuracy,0.5465116279069767,0.5465116279069767,0.5465116279069767,0.5465116279069767
macro avg,0.43610230395265276,0.4369130598105096,0.43649193548387094,688.0
weighted avg,0.5436438532588125,0.5465116279069767,0.5450640003750937,688.0
