,precision,recall,f1-score,support
0,0.7433774834437086,0.9089068825910931,0.8178506375227687,494.0
1,0.4642857142857143,0.20103092783505155,0.2805755395683453,194.0
accuracy,0.7093023255813954,0.7093023255813954,0.7093023255813954,0.7093023255813954
macro avg,0.6038315988647114,0.5549689052130723,0.549213088545557,688.0
weighted avg,0.6646800950474137,0.7093023255813954,0.6663515546693412,688.0
