,precision,recall,f1-score,support
0,0.8164556962025317,0.7834008097165992,0.7995867768595041,494.0
1,0.5,0.5515463917525774,0.5245098039215687,194.0
accuracy,0.7180232558139535,0.7180232558139535,0.7180232558139535,0.7180232558139535
macro avg,0.6582278481012658,0.6674736007345883,0.6620482903905364,688.0
weighted avg,0.7272225493082132,0.7180232558139535,0.7220214676299118,688.0
