,precision,recall,f1-score,support
0,0.8038585209003215,0.5060728744939271,0.6211180124223602,494.0
1,0.35278514588859416,0.6855670103092784,0.4658493870402802,194.0
accuracy,0.5566860465116279,0.5566860465116279,0.5566860465116279,0.5566860465116279
macro avg,0.5783218333944579,0.5958199424016027,0.5434836997313202,688.0
weighted avg,0.676666319225503,0.5566860465116279,0.5773358709628783,688.0
