,precision,recall,f1-score,support
0,0.7627677100494233,0.937246963562753,0.8410535876475931,494.0
1,0.6172839506172839,0.25773195876288657,0.36363636363636365,194.0
accuracy,0.7456395348837209,0.7456395348837209,0.7456395348837209,0.7456395348837209
macro avg,0.6900258303333536,0.5974894611628199,0.6023449756419783,688.0
weighted avg,0.7217446732328026,0.7456395348837209,0.7064330332025662,688.0
