,precision,recall,f1-score,support
0,0.8090909090909091,0.7206477732793523,0.7623126338329764,494.0
1,0.44129554655870445,0.5647668393782384,0.4954545454545455,193.0
accuracy,0.6768558951965066,0.6768558951965066,0.6768558951965066,0.6768558951965066
macro avg,0.6251932278248068,0.6427073063287954,0.628883589643761,687.0
weighted avg,0.7057655743475095,0.6768558951965066,0.6873437676655278,687.0
