,precision,recall,f1-score,support
0,0.7195301027900147,0.9919028340080972,0.8340425531914893,494.0
1,0.3333333333333333,0.010362694300518135,0.020100502512562814,193.0
accuracy,0.7161572052401747,0.7161572052401747,0.7161572052401747,0.7161572052401747
macro avg,0.526431718061674,0.5011327641543076,0.42707152785202607,687.0
weighted avg,0.6110352316034943,0.7161572052401747,0.6053805214869292,687.0
