,precision,recall,f1-score,support
0,0.7211678832116788,1.0,0.8379983036471587,494.0
1,1.0,0.010362694300518135,0.020512820512820513,193.0
accuracy,0.7219796215429404,0.7219796215429404,0.7219796215429404,0.7219796215429404
macro avg,0.8605839416058394,0.5051813471502591,0.4292555620799896,687.0
weighted avg,0.7995006321784124,0.7219796215429404,0.6083408098408599,687.0
