,precision,recall,f1-score,support
0,0.7276785714285714,0.9878787878787879,0.8380462724935732,495.0
1,0.625,0.05181347150259067,0.09569377990430622,193.0
accuracy,0.7252906976744186,0.7252906976744186,0.7252906976744186,0.7252906976744186
macro avg,0.6763392857142857,0.5198461296906893,0.4668700261989397,688.0
weighted avg,0.698874844269103,0.7252906976744186,0.6297991343108282,688.0
