,precision,recall,f1-score,support
0,0.7687296416938111,0.9535353535353536,0.8512173128944995,495.0
1,0.6891891891891891,0.26424870466321243,0.38202247191011235,193.0
accuracy,0.7601744186046512,0.7601744186046512,0.7601744186046512,0.7601744186046512
macro avg,0.7289594154415001,0.608892029099283,0.616619892402306,688.0
weighted avg,0.7464166949882994,0.7601744186046512,0.7195972484904491,688.0
