,precision,recall,f1-score,support
0,0.8537301742706089,0.8661104489471593,0.8598757518982348,5034.0
1,0.6389930369576862,0.6149484536082475,0.6267402153926976,1940.0
accuracy,0.7962431889876684,0.7962431889876684,0.7962431889876684,0.7962431889876684
macro avg,0.7463616056141475,0.7405294512777034,0.7433079836454662,6974.0
weighted avg,0.7939954386257753,0.7962431889876684,0.7950230216400269,6974.0
