,precision,recall,f1-score,support
0,0.7280832095096582,0.98989898989899,0.839041095890411,495.0
1,0.6666666666666666,0.05181347150259067,0.09615384615384616,193.0
accuracy,0.7267441860465116,0.7267441860465116,0.7267441860465116,0.7267441860465116
macro avg,0.6973749380881624,0.5208562307007903,0.46759747102212856,688.0
weighted avg,0.7108544409505051,0.7267441860465116,0.6306439458916362,688.0
