,precision,recall,f1-score,support
0,0.757328990228013,0.9403437815975733,0.8389715832205683,989.0
1,0.6013513513513513,0.22997416020671835,0.33271028037383177,387.0
accuracy,0.7405523255813954,0.7405523255813954,0.7405523255813954,0.7405523255813954
macro avg,0.6793401707896822,0.5851589709021459,0.5858409317972,1376.0
weighted avg,0.713460279293952,0.7405523255813954,0.6965855917949237,1376.0
