,precision,recall,f1-score,support
0,0.7807971014492754,0.8724696356275303,0.8240917782026769,494.0
1,0.5367647058823529,0.37628865979381443,0.44242424242424244,194.0
accuracy,0.7325581395348837,0.7325581395348837,0.7325581395348837,0.7325581395348837
macro avg,0.6587809036658141,0.6243791477106724,0.6332580103134596,688.0
weighted avg,0.7119856410713932,0.7325581395348837,0.7164704091023625,688.0
