,precision,recall,f1-score,support
0,0.8067061143984221,0.8279352226720648,0.8171828171828172,494.0
1,0.5303867403314917,0.4948453608247423,0.512,194.0
accuracy,0.7340116279069767,0.7340116279069767,0.7340116279069767,0.7340116279069767
macro avg,0.6685464273649568,0.6613902917484036,0.6645914085914086,688.0
weighted avg,0.7287904769435027,0.7340116279069767,0.7311283600120809,688.0
