,precision,recall,f1-score,support
0,0.7930232558139535,0.6902834008097166,0.7380952380952381,494.0
1,0.4069767441860465,0.5412371134020618,0.4646017699115044,194.0
accuracy,0.6482558139534884,0.6482558139534884,0.6482558139534884,0.6482558139534884
macro avg,0.6,0.6157602571058892,0.6013485040033713,688.0
weighted avg,0.6841671173607355,0.6482558139534884,0.6609764403806387,688.0
