,precision,recall,f1-score,support
0,0.7262479871175523,0.9129554655870445,0.8089686098654708,494.0
1,0.3582089552238806,0.12371134020618557,0.1839080459770115,194.0
accuracy,0.690406976744186,0.690406976744186,0.690406976744186,0.690406976744186
macro avg,0.5422284711707165,0.5183334028966151,0.49643832792124115,688.0
weighted avg,0.6224695391707903,0.690406976744186,0.6327160671411087,688.0
