,precision,recall,f1-score,support
0,0.7389765521309541,0.9954310687326182,0.8482437579348286,5034.0
1,0.8808290155440415,0.08762886597938144,0.15939990623534928,1940.0
accuracy,0.7429022082018928,0.7429022082018928,0.7429022082018928,0.7429022082018928
macro avg,0.8099027838374978,0.5415299673559998,0.5038218320850889,6974.0
weighted avg,0.7784365147093009,0.7429022082018928,0.6566238737511477,6974.0
