,precision,recall,f1-score,support
0,0.7197080291970803,0.9959595959595959,0.8355932203389831,495.0
1,0.3333333333333333,0.0051813471502590676,0.01020408163265306,193.0
accuracy,0.7180232558139535,0.7180232558139535,0.7180232558139535,0.7180232558139535
macro avg,0.5265206812652068,0.5005704715549275,0.4228986509858181,688.0
weighted avg,0.611320941549256,0.7180232558139535,0.6040523718356086,688.0
