,precision,recall,f1-score,support
0,0.7195032870708546,0.9959555106167847,0.8354537743850721,989.0
1,0.42857142857142855,0.007751937984496124,0.015228426395939087,387.0
accuracy,0.7180232558139535,0.7180232558139535,0.7180232558139535,0.7180232558139535
macro avg,0.5740373578211416,0.5018537243006403,0.4253411003905056,1376.0
weighted avg,0.6376787018678911,0.7180232558139535,0.6047653952631284,1376.0
