,precision,recall,f1-score,support
0,0.717201166180758,0.9959514170040485,0.8338983050847457,494.0
1,0.0,0.0,0.0,194.0
accuracy,0.7151162790697675,0.7151162790697675,0.7151162790697675,0.7151162790697675
macro avg,0.358600583090379,0.4979757085020243,0.41694915254237286,688.0
weighted avg,0.5149671164146722,0.7151162790697675,0.5987583760346866,688.0
