,precision,recall,f1-score,support
0,0.8072562358276644,0.7206477732793523,0.7614973262032085,494.0
1,0.44129554655870445,0.5618556701030928,0.4943310657596372,194.0
accuracy,0.6758720930232558,0.6758720930232558,0.6758720930232558,0.6758720930232558
macro avg,0.6242758911931844,0.6412517216912226,0.6279141959814228,688.0
weighted avg,0.7040638321675217,0.6758720930232558,0.686162653926969,688.0
