,precision,recall,f1-score,support
0,0.7239130434782609,0.6740890688259109,0.6981132075471698,494.0
1,0.29385964912280704,0.34536082474226804,0.3175355450236967,194.0
accuracy,0.5813953488372093,0.5813953488372093,0.5813953488372093,0.5813953488372093
macro avg,0.508886346300534,0.5097249467840894,0.5078243762854332,688.0
weighted avg,0.6026479875117521,0.5813953488372093,0.5907991573588649,688.0
