,precision,recall,f1-score,support
0,0.7436332767402377,0.8866396761133604,0.8088642659279779,494.0
1,0.43434343434343436,0.22164948453608246,0.2935153583617747,194.0
accuracy,0.6991279069767442,0.6991279069767442,0.6991279069767442,0.6991279069767442
macro avg,0.588988355541836,0.5541445803247214,0.5511898121448763,688.0
weighted avg,0.6564207339713717,0.6991279069767442,0.6635478588526241,688.0
