,precision,recall,f1-score,support
0,0.7186813186813187,0.6619433198380567,0.6891464699683878,494.0
1,0.2832618025751073,0.3402061855670103,0.3091334894613583,194.0
accuracy,0.5712209302325582,0.5712209302325582,0.5712209302325582,0.5712209302325582
macro avg,0.500971560628213,0.5010747527025334,0.49913997971487306,688.0
weighted avg,0.5959031411746253,0.5712209302325582,0.58199164697658,688.0
