,precision,recall,f1-score,support
0,0.7157738095238095,0.9736842105263158,0.8250428816466552,494.0
1,0.1875,0.015463917525773196,0.02857142857142857,194.0
accuracy,0.7034883720930233,0.7034883720930233,0.7034883720930233,0.7034883720930233
macro avg,0.45163690476190477,0.49457406402604454,0.4268071551090419,688.0
weighted avg,0.566812880675526,0.7034883720930233,0.6004564544713733,688.0
