,precision,recall,f1-score,support
0,0.7341563786008231,0.9019211324570273,0.809437386569873,989.0
1,0.39751552795031053,0.165374677002584,0.23357664233576642,387.0
accuracy,0.6947674418604651,0.6947674418604651,0.6947674418604651,0.6947674418604651
macro avg,0.5658359532755668,0.5336479047298056,0.5215070144528197,1376.0
weighted avg,0.6394761393553664,0.6947674418604651,0.6474765522540304,1376.0
