,precision,recall,f1-score,support
0,0.7446808510638298,0.98989898989899,0.849956634865568,495.0
1,0.8333333333333334,0.12953367875647667,0.2242152466367713,193.0
accuracy,0.748546511627907,0.748546511627907,0.748546511627907,0.748546511627907
macro avg,0.7890070921985816,0.5597163343277333,0.5370859407511697,688.0
weighted avg,0.7695499340260596,0.748546511627907,0.6744216233420829,688.0
