,precision,recall,f1-score,support
0,0.8649468892261002,0.7926102502979738,0.8272001658546698,5034.0
1,0.5578144853875476,0.6788659793814433,0.6124157172750523,1940.0
accuracy,0.7609693145970748,0.7609693145970748,0.7609693145970748,0.7609693145970748
macro avg,0.7113806873068239,0.7357381148397086,0.719807941564861,6974.0
weighted avg,0.7795100002890781,0.7609693145970748,0.7674522693470045,6974.0
