,precision,recall,f1-score,support
0,0.8187633262260128,0.7773279352226721,0.7975077881619937,494.0
1,0.4977168949771689,0.5618556701030928,0.5278450363196125,194.0
accuracy,0.7165697674418605,0.7165697674418605,0.7165697674418605,0.7165697674418605
macro avg,0.6582401106015908,0.6695918026628824,0.6626764122408031,688.0
weighted avg,0.7282356988099143,0.7165697674418605,0.7214691633692293,688.0
