,precision,recall,f1-score,support
0,0.7379421221864951,0.9291497975708503,0.8225806451612904,494.0
1,0.4696969696969697,0.15979381443298968,0.23846153846153847,194.0
accuracy,0.7122093023255814,0.7122093023255814,0.7122093023255814,0.7122093023255814
macro avg,0.6038195459417324,0.54447180600192,0.5305210918114144,688.0
weighted avg,0.6623032274438092,0.7122093023255814,0.6578726412372324,688.0
