,precision,recall,f1-score,support
0,0.7225548902195609,0.7313131313131314,0.7269076305220884,495.0
1,0.2887700534759358,0.27979274611398963,0.28421052631578947,193.0
accuracy,0.6046511627906976,0.6046511627906976,0.6046511627906976,0.6046511627906976
macro avg,0.5056624718477484,0.5055529387135604,0.505559078418939,688.0
weighted avg,0.6008681554935149,0.6046511627906976,0.6027207975107284,688.0
