,precision,recall,f1-score,support
0,0.7211678832116788,0.997979797979798,0.8372881355932204,495.0
1,0.6666666666666666,0.010362694300518135,0.02040816326530612,193.0
accuracy,0.7209302325581395,0.7209302325581395,0.7209302325581395,0.7209302325581395
macro avg,0.6939172749391727,0.5041712461401581,0.42884814942926325,688.0
weighted avg,0.7058790245006507,0.7209302325581395,0.6081343061465817,688.0
