,precision,recall,f1-score,support
0,0.6878172588832487,0.548582995951417,0.6103603603603603,494.0
1,0.24149659863945577,0.36597938144329895,0.29098360655737704,194.0
accuracy,0.49709302325581395,0.49709302325581395,0.49709302325581395,0.49709302325581395
macro avg,0.46465692876135223,0.457281188697358,0.4506719834588687,688.0
weighted avg,0.5619652122447374,0.49709302325581395,0.5203035431542865,688.0
