,precision,recall,f1-score,support
0,0.7613019891500904,0.8522267206477733,0.8042024832855779,494.0
1,0.45925925925925926,0.31958762886597936,0.3768996960486322,194.0
accuracy,0.7020348837209303,0.7020348837209303,0.7020348837209303,0.7020348837209303
macro avg,0.6102806242046748,0.5859071747568763,0.590551089667105,688.0
weighted avg,0.6761329635704083,0.7020348837209303,0.683713034558881,688.0
