,precision,recall,f1-score,support
0,0.7554585152838428,0.7004048582995951,0.726890756302521,494.0
1,0.3565217391304348,0.422680412371134,0.3867924528301887,194.0
accuracy,0.622093023255814,0.622093023255814,0.622093023255814,0.622093023255814
macro avg,0.5559901272071388,0.5615426353353645,0.5568416045663549,688.0
weighted avg,0.6429676220080272,0.622093023255814,0.6309909439861947,688.0
