,precision,recall,f1-score,support
0,0.8210563504681152,0.9233214143822011,0.8691912108461898,5034.0
1,0.7060167555217061,0.4778350515463918,0.5699354442053489,1940.0
accuracy,0.7993977631201606,0.7993977631201606,0.7993977631201606,0.7993977631201606
macro avg,0.7635365529949106,0.7005782329642964,0.7195633275257693,6974.0
weighted avg,0.7890550866028968,0.7993977631201606,0.7859454139888294,6974.0
