,precision,recall,f1-score,support
0,0.7932203389830509,0.4727272727272727,0.5924050632911393,495.0
1,0.33587786259541985,0.6839378238341969,0.45051194539249145,193.0
accuracy,0.5319767441860465,0.5319767441860465,0.5319767441860465,0.5319767441860465
macro avg,0.5645491007892354,0.5783325482807348,0.5214585043418154,688.0
weighted avg,0.6649251384847765,0.5319767441860465,0.5526007438806174,688.0
