,precision,recall,f1-score,support
0,0.846943231441048,0.7705601907032181,0.8069482005408779,5034.0
1,0.5175438596491229,0.6386597938144329,0.5717581910475311,1940.0
accuracy,0.7338686550043017,0.7338686550043017,0.7338686550043017,0.7338686550043017
macro avg,0.6822435455450855,0.7046099922588256,0.6893531957942045,6974.0
weighted avg,0.7553122045875443,0.7338686550043017,0.741523965035129,6974.0
