,precision,recall,f1-score,support
0,0.7330316742081447,0.9818181818181818,0.8393782383419689,495.0
1,0.64,0.08290155440414508,0.14678899082568808,193.0
accuracy,0.7296511627906976,0.7296511627906976,0.7296511627906976,0.7296511627906976
macro avg,0.6865158371040724,0.5323598681111634,0.4930836145838285,688.0
weighted avg,0.7069341260654529,0.7296511627906976,0.6450908476869658,688.0
