,precision,recall,f1-score,support
0,0.7474402730375427,0.8848484848484849,0.8103607770582794,495.0
1,0.4411764705882353,0.23316062176165803,0.3050847457627119,193.0
accuracy,0.7020348837209303,0.7020348837209303,0.7020348837209303,0.7020348837209303
macro avg,0.594308371812889,0.5590045533050715,0.5577227614104956,688.0
weighted avg,0.6615261540365015,0.7020348837209303,0.6686190996744937,688.0
