,precision,recall,f1-score,support
0,0.7680525164113785,0.7090909090909091,0.7373949579831933,495.0
1,0.37662337662337664,0.45077720207253885,0.41037735849056606,193.0
accuracy,0.6366279069767442,0.6366279069767442,0.6366279069767442,0.6366279069767442
macro avg,0.5723379465173776,0.579934055581724,0.5738861582368797,688.0
weighted avg,0.6582475396975931,0.6366279069767442,0.645658916265058,688.0
