,precision,recall,f1-score,support
0,0.8496932515337423,0.5595959595959596,0.6747868453105969,495.0
1,0.39779005524861877,0.7461139896373057,0.518918918918919,193.0
accuracy,0.6119186046511628,0.6119186046511628,0.6119186046511628,0.6119186046511628
macro avg,0.6237416533911806,0.6528549746166327,0.5968528821147578,688.0
weighted avg,0.7229238955991073,0.6119186046511628,0.6310622671222337,688.0
