,precision,recall,f1-score,support
0,0.8310185185185185,0.7252525252525253,0.7745415318230853,495.0
1,0.46875,0.6217616580310881,0.534521158129176,193.0
accuracy,0.6962209302325582,0.6962209302325582,0.6962209302325582,0.6962209302325582
macro avg,0.6498842592592593,0.6735070916418067,0.6545313449761306,688.0
weighted avg,0.7293937742248061,0.6962209302325582,0.707210235132788,688.0
