,precision,recall,f1-score,support
0,0.7349137931034483,0.6888888888888889,0.7111574556830031,495.0
1,0.3125,0.3626943005181347,0.33573141486810554,193.0
accuracy,0.5973837209302325,0.5973837209302325,0.5973837209302325,0.5973837209302325
macro avg,0.5237068965517242,0.5257915947035118,0.5234444352755543,688.0
weighted avg,0.6164169005613472,0.5973837209302325,0.6058417203962658,688.0
