,precision,recall,f1-score,support
0,0.8126410835214447,0.7272727272727273,0.767590618336887,495.0
1,0.4489795918367347,0.5699481865284974,0.502283105022831,193.0
accuracy,0.6831395348837209,0.6831395348837209,0.6831395348837209,0.6831395348837209
macro avg,0.6308103376790897,0.6486104569006124,0.634936861679859,688.0
weighted avg,0.7106255778598909,0.6831395348837209,0.6931656909101243,688.0
