,precision,recall,f1-score,support
0,0.7112068965517241,0.3333333333333333,0.45392022008253097,495.0
1,0.27631578947368424,0.6528497409326425,0.3882896764252696,193.0
accuracy,0.42296511627906974,0.42296511627906974,0.42296511627906974,0.42296511627906974
macro avg,0.49376134301270413,0.4930915371329879,0.4211049482539003,688.0
weighted avg,0.5892098272696576,0.42296511627906974,0.4355093262949562,688.0
