,precision,recall,f1-score,support
0,0.7282229965156795,0.4222222222222222,0.5345268542199488,495.0
1,0.286783042394015,0.5958549222797928,0.3872053872053872,193.0
accuracy,0.47093023255813954,0.47093023255813954,0.47093023255813954,0.47093023255813954
macro avg,0.5075030194548472,0.5090385722510075,0.460866120712668,688.0
weighted avg,0.6043888233391078,0.47093023255813954,0.49319975664173604,688.0
