,precision,recall,f1-score,support
0,0.7714285714285715,1.0,0.8709677419354839,459.0
1,0.0,0.0,0.0,7.0
2,0.0,0.0,0.0,27.0
3,0.0,0.0,0.0,49.0
4,0.0,0.0,0.0,18.0
5,0.0,0.0,0.0,7.0
6,0.0,0.0,0.0,7.0
7,0.0,0.0,0.0,3.0
8,0.0,0.0,0.0,17.0
9,0.0,0.0,0.0,2.0
accuracy,0.7701342281879194,0.7701342281879194,0.7701342281879194,0.7701342281879194
macro avg,0.07714285714285715,0.1,0.08709677419354839,596.0
weighted avg,0.5941035474592522,0.7701342281879194,0.6707620697120589,596.0
