,precision,recall,f1-score,support
0,0.7670068027210885,1.0,0.8681424446583254,451.0
1,0.0,0.0,0.0,7.0
2,0.0,0.0,0.0,27.0
3,0.0,0.0,0.0,49.0
4,0.0,0.0,0.0,18.0
5,0.0,0.0,0.0,6.0
6,0.0,0.0,0.0,7.0
7,0.0,0.0,0.0,3.0
8,0.0,0.0,0.0,17.0
9,0.0,0.0,0.0,3.0
accuracy,0.7670068027210885,0.7670068027210885,0.7670068027210885,0.7670068027210885
macro avg,0.07670068027210884,0.1,0.08681424446583254,588.0
weighted avg,0.5882994354204267,0.7670068027210885,0.6658711607838516,588.0
