,precision,recall,f1-score,support
0,0.7919320594479831,0.7535353535353535,0.772256728778468,495.0
1,0.4377880184331797,0.49222797927461137,0.4634146341463415,193.0
accuracy,0.6802325581395349,0.6802325581395349,0.6802325581395349,0.6802325581395349
macro avg,0.6148600389405814,0.6228816664049824,0.6178356814624048,688.0
weighted avg,0.6925864200354002,0.6802325581395349,0.6856193388598627,688.0
