precision,recall,f1-score,support
0.799009900990099,0.9618593563766389,0.8729042725797729,5034.0
0.7899343544857768,0.37216494845360826,0.5059565522074282,1940.0
0.7978204760539145,0.7978204760539145,0.7978204760539145,0.7978204760539145
0.7944721277379378,0.6670121524151236,0.6894304123936006,6974.0
0.7964853010161408,0.7978204760539145,0.7708281932103509,6974.0
