,precision,recall,f1-score,support
0,0.7804347826086957,0.7267206477732794,0.7526205450733753,494.0
1,0.40789473684210525,0.4793814432989691,0.44075829383886256,194.0
accuracy,0.6569767441860465,0.6569767441860465,0.6569767441860465,0.6569767441860465
macro avg,0.5941647597254005,0.6030510455361242,0.596689419456119,688.0
weighted avg,0.6753871534245117,0.6569767441860465,0.6646826428357365,688.0
