,precision,recall,f1-score,support
0,0.6917808219178082,0.6133603238866396,0.6502145922746781,494.0
1,0.236,0.30412371134020616,0.26576576576576577,194.0
accuracy,0.5261627906976745,0.5261627906976745,0.5261627906976745,0.5261627906976745
macro avg,0.4638904109589041,0.4587420176134229,0.457990179020222,688.0
weighted avg,0.5632612296909844,0.5261627906976745,0.5418089638695488,688.0
