,precision,recall,f1-score,support
0,0.7565071368597817,0.9110212335692619,0.826605504587156,989.0
1,0.5243243243243243,0.25064599483204136,0.33916083916083917,387.0
accuracy,0.7252906976744186,0.7252906976744186,0.7252906976744186,0.7252906976744186
macro avg,0.640415730592053,0.5808336142006516,0.5828831718739975,1376.0
weighted avg,0.6912057208341843,0.7252906976744186,0.6895116924360044,1376.0
