,precision,recall,f1-score,support
0,0.7727272727272727,0.8242424242424242,0.7976539589442815,495.0
1,0.45625,0.37823834196891193,0.41359773371104813,193.0
accuracy,0.6991279069767442,0.6991279069767442,0.6991279069767442,0.6991279069767442
macro avg,0.6144886363636364,0.6012403831056681,0.6056258463276648,688.0
weighted avg,0.6839480377906977,0.6991279069767442,0.6899172562262378,688.0
