,precision,recall,f1-score,support
0,0.7201166180758017,0.997979797979798,0.8365791701947503,495.0
1,0.5,0.0051813471502590676,0.010256410256410256,193.0
accuracy,0.7194767441860465,0.7194767441860465,0.7194767441860465,0.7194767441860465
macro avg,0.6100583090379008,0.5015805725650285,0.42341779022558024,688.0
weighted avg,0.6583687877144213,0.7194767441860465,0.6047764192236753,688.0
