,precision,recall,f1-score,support
0,0.7299703264094956,0.9939393939393939,0.8417450812660393,495.0
1,0.7857142857142857,0.05699481865284974,0.10628019323671498,193.0
accuracy,0.7311046511627907,0.7311046511627907,0.7311046511627907,0.7311046511627907
macro avg,0.7578423060618906,0.5254671062961218,0.47401263725137716,688.0
weighted avg,0.7456078033656358,0.7311046511627907,0.6354300763392084,688.0
