,precision,recall,f1-score,support
0,0.7549019607843137,0.7793522267206477,0.7669322709163346,494.0
1,0.38764044943820225,0.3556701030927835,0.3709677419354839,194.0
accuracy,0.6598837209302325,0.6598837209302325,0.6598837209302325,0.6598837209302325
macro avg,0.571271205111258,0.5675111649067156,0.5689500064259092,688.0
weighted avg,0.6513427555500905,0.6598837209302325,0.6552794822211528,688.0
