,precision,recall,f1-score,support
0,0.7564402810304449,0.6538461538461539,0.7014115092290988,494.0
1,0.3448275862068966,0.4639175257731959,0.3956043956043956,194.0
accuracy,0.6002906976744186,0.6002906976744186,0.6002906976744186,0.6002906976744186
macro avg,0.5506339336186707,0.5588818398096749,0.5485079524167472,688.0
weighted avg,0.640375073478456,0.6002906976744186,0.6151810149802727,688.0
