,precision,recall,f1-score,support
0,0.7685714285714286,0.5445344129554656,0.6374407582938388,494.0
1,0.3343195266272189,0.5824742268041238,0.424812030075188,194.0
accuracy,0.5552325581395349,0.5552325581395349,0.5552325581395349,0.5552325581395349
macro avg,0.5514454775993237,0.5635043198797947,0.5311263941845135,688.0
weighted avg,0.646122491104602,0.5552325581395349,0.5774844017903239,688.0
