,precision,recall,f1-score,support
0,0.8228228228228228,0.5546558704453441,0.6626360338573156,494.0
1,0.38028169014084506,0.6958762886597938,0.4918032786885246,194.0
accuracy,0.5944767441860465,0.5944767441860465,0.5944767441860465,0.5944767441860465
macro avg,0.601552256481834,0.625266079552569,0.5772196562729202,688.0
weighted avg,0.6980365150607535,0.5944767441860465,0.614465169754488,688.0
