,precision,recall,f1-score,support
0,0.7522935779816514,0.6639676113360324,0.7053763440860215,494.0
1,0.3412698412698413,0.44329896907216493,0.38565022421524664,194.0
accuracy,0.6017441860465116,0.6017441860465116,0.6017441860465116,0.6017441860465116
macro avg,0.5467817096257463,0.5536332902040987,0.545513284150634,688.0
weighted avg,0.6363944429204724,0.6017441860465116,0.6152210137736228,688.0
