,precision,recall,f1-score,support
0,0.8410041841004184,0.4068825910931174,0.548431105047749,494.0
1,0.34743875278396436,0.8041237113402062,0.48522550544323484,194.0
accuracy,0.5188953488372093,0.5188953488372093,0.5188953488372093,0.5188953488372093
macro avg,0.5942214684421914,0.6055031512166618,0.5168283052454918,688.0
weighted avg,0.701830210735023,0.5188953488372093,0.5306085958569412,688.0
