,precision,recall,f1-score,support
0,0.8525073746312685,0.5850202429149798,0.6938775510204082,494.0
1,0.4109195402298851,0.7409326424870466,0.5286506469500925,193.0
accuracy,0.62882096069869,0.62882096069869,0.62882096069869,0.62882096069869
macro avg,0.6317134574305767,0.6629764427010132,0.6112640989852502,687.0
weighted avg,0.7284514036859016,0.62882096069869,0.6474600947095335,687.0
