,precision,recall,f1-score,support
0,0.7476923076923077,0.9838056680161943,0.8496503496503497,494.0
1,0.7837837837837838,0.15025906735751296,0.25217391304347825,193.0
accuracy,0.7496360989810772,0.7496360989810772,0.7496360989810772,0.7496360989810772
macro avg,0.7657380457380457,0.5670323676868536,0.550912131346914,687.0
weighted avg,0.7578315433337267,0.7496360989810772,0.6818003463532228,687.0
