,precision,recall,f1-score,support
0,0.7415384615384616,0.48785425101214575,0.5885225885225885,494.0
1,0.30303030303030304,0.5670103092783505,0.39497307001795334,194.0
accuracy,0.5101744186046512,0.5101744186046512,0.5101744186046512,0.5101744186046512
macro avg,0.5222843822843823,0.5274322801452481,0.49174782927027094,688.0
weighted avg,0.6178893587033123,0.5101744186046512,0.5339461254558746,688.0
