,precision,recall,f1-score,support
0,0.7556719022687609,0.8765182186234818,0.8116213683223993,494.0
1,0.46956521739130436,0.27835051546391754,0.34951456310679613,194.0
accuracy,0.7078488372093024,0.7078488372093024,0.7078488372093024,0.7078488372093024
macro avg,0.6126185598300327,0.5774343670436997,0.5805679657145977,688.0
weighted avg,0.6749964707771525,0.7078488372093024,0.681317995921488,688.0
