,precision,recall,f1-score,support
0,0.7969924812030075,0.6424242424242425,0.7114093959731543,495.0
1,0.3875432525951557,0.5803108808290155,0.46473029045643155,193.0
accuracy,0.625,0.625,0.625,0.625
macro avg,0.5922678668990816,0.611367561626629,0.5880698432147929,688.0
weighted avg,0.6821324505034212,0.625,0.6422101701523295,688.0
