,precision,recall,f1-score,support
0,0.8138528138528138,0.7595959595959596,0.7857889237199582,495.0
1,0.47345132743362833,0.5544041450777202,0.5107398568019093,193.0
accuracy,0.7020348837209303,0.7020348837209303,0.7020348837209303,0.7020348837209303
macro avg,0.643652070643221,0.6570000523368399,0.6482643902609337,688.0
weighted avg,0.7183622805985946,0.7020348837209303,0.7086312639595171,688.0
