,precision,recall,f1-score,support
0,0.7377358490566037,0.791497975708502,0.763671875,494.0
1,0.34394904458598724,0.27979274611398963,0.30857142857142855,193.0
accuracy,0.6477438136826783,0.6477438136826783,0.6477438136826783,0.6477438136826783
macro avg,0.5408424468212955,0.5356453609112458,0.5361216517857142,687.0
weighted avg,0.6271086972912049,0.6477438136826783,0.6358197845186109,687.0
