,precision,recall,f1-score,support
0,0.8387096774193549,0.7368421052631579,0.7844827586206896,494.0
1,0.48616600790513836,0.6373056994818653,0.5515695067264574,193.0
accuracy,0.7088791848617176,0.7088791848617176,0.7088791848617176,0.7088791848617176
macro avg,0.6624378426622466,0.6870739023725116,0.6680261326735735,687.0
weighted avg,0.7396690249939636,0.7088791848617176,0.7190500692239111,687.0
