,precision,recall,f1-score,support
0,0.8606804478897502,0.7940007945967421,0.8259971068402563,5034.0
1,0.5549356223175965,0.6664948453608247,0.6056206088992975,1940.0
accuracy,0.7585316891310582,0.7585316891310582,0.7585316891310582,0.7585316891310582
macro avg,0.7078080351036733,0.7302478199787834,0.7158088578697769,6974.0
weighted avg,0.7756295500391654,0.7585316891310582,0.7646936359475892,6974.0
