,precision,recall,f1-score,support
0,0.7666098807495741,1.0,0.8678881388621023,450.0
1,0.0,0.0,0.0,7.0
2,0.0,0.0,0.0,27.0
3,0.0,0.0,0.0,49.0
4,0.0,0.0,0.0,18.0
5,0.0,0.0,0.0,6.0
6,0.0,0.0,0.0,7.0
7,0.0,0.0,0.0,3.0
8,0.0,0.0,0.0,18.0
9,0.0,0.0,0.0,2.0
accuracy,0.7666098807495741,0.7666098807495741,0.7666098807495741,0.7666098807495741
macro avg,0.07666098807495741,0.1,0.08678881388621022,587.0
weighted avg,0.5876907092628763,0.7666098807495741,0.665331622637046,587.0
