,precision,recall,f1-score,support
0,0.8202700333157987,0.9292808899483512,0.8713793424606501,5034.0
1,0.7199055861526357,0.47164948453608246,0.5699159140454687,1940.0
accuracy,0.8019787783194723,0.8019787783194723,0.8019787783194723,0.8019787783194723
macro avg,0.7700878097342172,0.7004651872422168,0.7206476282530594,6974.0
weighted avg,0.7923510445723895,0.8019787783194723,0.7875194268992144,6974.0
