,precision,recall,f1-score,support
0,0.7197080291970803,0.9979757085020243,0.8363019508057676,494.0
1,0.6666666666666666,0.010309278350515464,0.02030456852791878,194.0
accuracy,0.7194767441860465,0.7194767441860465,0.7194767441860465,0.7194767441860465
macro avg,0.6931873479318735,0.5041424934262699,0.4283032596668432,688.0
weighted avg,0.7047515984835625,0.7194767441860465,0.6062096656867231,688.0
