,precision,recall,f1-score,support
0,0.7441471571906354,0.9008097165991903,0.815018315018315,494.0
1,0.45555555555555555,0.211340206185567,0.2887323943661972,194.0
accuracy,0.7063953488372093,0.7063953488372093,0.7063953488372093,0.7063953488372093
macro avg,0.5998513563730955,0.5560749613923787,0.5518753546922561,688.0
weighted avg,0.662771036962139,0.7063953488372093,0.6666179246018747,688.0
