,precision,recall,f1-score,support
0,0.7474332648870636,0.7368421052631579,0.7420998980632009,494.0
1,0.35323383084577115,0.36597938144329895,0.3594936708860759,194.0
accuracy,0.6322674418604651,0.6322674418604651,0.6322674418604651,0.6322674418604651
macro avg,0.5503335478664174,0.5514107433532284,0.5507967844746384,688.0
weighted avg,0.6362781919161178,0.6322674418604651,0.6342138398184882,688.0
