,precision,recall,f1-score,support
0,0.7190684133915575,1.0,0.8365791701947503,988.0
1,1.0,0.005154639175257732,0.010256410256410256,388.0
accuracy,0.7194767441860465,0.7194767441860465,0.7194767441860465,0.7194767441860465
macro avg,0.8595342066957787,0.5025773195876289,0.42341779022558024,1376.0
weighted avg,0.7982845875224264,0.7194767441860465,0.603575368700509,1376.0
