,precision,recall,f1-score,support
0,0.7353383458646616,0.9898785425101214,0.8438308886971527,988.0
1,0.782608695652174,0.09278350515463918,0.16589861751152074,388.0
accuracy,0.7369186046511628,0.7369186046511628,0.7369186046511628,0.7369186046511628
macro avg,0.7589735207584178,0.5413310238323803,0.5048647531043368,1376.0
weighted avg,0.74866748519428,0.7369186046511628,0.6526697540895762,1376.0
