,precision,recall,f1-score,support
0,0.7504835589941973,0.7854251012145749,0.7675568743818002,494.0
1,0.38011695906432746,0.33505154639175255,0.3561643835616438,194.0
accuracy,0.6584302325581395,0.6584302325581395,0.6584302325581395,0.6584302325581395
macro avg,0.5653002590292624,0.5602383238031637,0.5618606289717221,688.0
weighted avg,0.6460487909907165,0.6584302325581395,0.6515537592377445,688.0
