,precision,recall,f1-score,support
0,0.7552447552447552,0.43724696356275305,0.5538461538461539,988.0
1,0.30845771144278605,0.6391752577319587,0.4161073825503356,388.0
accuracy,0.4941860465116279,0.4941860465116279,0.4941860465116279,0.4941860465116279
macro avg,0.5318512333437706,0.5382111106473559,0.48497676819824476,1376.0
weighted avg,0.6292611992889674,0.4941860465116279,0.5150070235679726,1376.0
