,precision,recall,f1-score,support
0,0.7761452031114953,0.9089068825910931,0.8372960372960373,988.0
1,0.589041095890411,0.3324742268041237,0.42504118616144976,388.0
accuracy,0.7463662790697675,0.7463662790697675,0.7463662790697675,0.7463662790697675
macro avg,0.6825931495009532,0.6206905546976084,0.6311686117287435,1376.0
weighted avg,0.723386196133457,0.7463662790697675,0.721049756598203,1376.0
