,precision,recall,f1-score,support
0,0.8264792642720805,0.9461660707191101,0.8822821154024266,5034.0
1,0.7760330578512397,0.48427024239298605,0.596379803112099,1939.0
accuracy,0.8177255126918113,0.8177255126918113,0.8177255126918113,0.8177255126918113
macro avg,0.8012561610616601,0.715218156556048,0.7393309592572628,6973.0
weighted avg,0.8124515582273351,0.8177255126918113,0.8027805259099635,6973.0
