,precision,recall,f1-score,support
0,0.7633744855967078,0.7494949494949495,0.7563710499490316,495.0
1,0.38613861386138615,0.40414507772020725,0.3949367088607595,193.0
accuracy,0.6526162790697675,0.6526162790697675,0.6526162790697675,0.6526162790697675
macro avg,0.574756549729047,0.5768200136075784,0.5756538794048955,688.0
weighted avg,0.6575510506477005,0.6526162790697675,0.6549803118239785,688.0
