,precision,recall,f1-score,support
0,0.7938931297709924,0.6303030303030303,0.7027027027027027,495.0
1,0.37966101694915255,0.5803108808290155,0.45901639344262296,193.0
accuracy,0.6162790697674418,0.6162790697674418,0.6162790697674418,0.6162790697674418
macro avg,0.5867770733600725,0.6053069555660229,0.5808595480726628,688.0
weighted avg,0.677691388819517,0.6162790697674418,0.6343430258317793,688.0
