,precision,recall,f1-score,support
0,0.8276861750317086,0.9074294795391339,0.8657253861461196,5034.0
1,0.679725085910653,0.5097938144329897,0.5826215022091311,1940.0
accuracy,0.7968167479208489,0.7968167479208489,0.7968167479208489,0.7968167479208489
macro avg,0.7537056304711808,0.7086116469860617,0.7241734441776253,6974.0
weighted avg,0.7865269388838956,0.7968167479208489,0.7869726567458103,6974.0
