,precision,recall,f1-score,support
0,0.7472222222222222,0.5434343434343434,0.6292397660818714,495.0
1,0.31097560975609756,0.5284974093264249,0.3915547024952015,193.0
accuracy,0.5392441860465116,0.5392441860465116,0.5392441860465116,0.5392441860465116
macro avg,0.5290989159891599,0.5359658763803841,0.5103972342885364,688.0
weighted avg,0.6248449021554169,0.5392441860465116,0.5625635781861923,688.0
