,precision,recall,f1-score,support
0,0.7719869706840391,0.47878787878787876,0.5910224438902744,495.0
1,0.3228346456692913,0.6373056994818653,0.42857142857142855,193.0
accuracy,0.5232558139534884,0.5232558139534884,0.5232558139534884,0.5232558139534884
macro avg,0.5474108081766652,0.558046789134872,0.5097969362308514,688.0
weighted avg,0.645989298114495,0.5232558139534884,0.5454511561627493,688.0
