,precision,recall,f1-score,support
0,0.7193500738552437,0.9858299595141701,0.8317677198975235,494.0
1,0.36363636363636365,0.020618556701030927,0.03902439024390244,194.0
accuracy,0.7136627906976745,0.7136627906976745,0.7136627906976745,0.7136627906976745
macro avg,0.5414932187458037,0.5032242581076005,0.435396055070713,688.0
weighted avg,0.6190470799853851,0.7136627906976745,0.6082325368265896,688.0
