,precision,recall,f1-score,support
0,0.7328,0.9271255060728745,0.8185880250223414,494.0
1,0.42857142857142855,0.13917525773195877,0.21011673151750973,194.0
accuracy,0.7049418604651163,0.7049418604651163,0.7049418604651163,0.7049418604651163
macro avg,0.5806857142857142,0.5331503819024166,0.5143523782699255,688.0
weighted avg,0.6470146179401993,0.7049418604651163,0.6470132707491767,688.0
