,precision,recall,f1-score,support
0,0.717008797653959,0.9898785425101214,0.8316326530612245,494.0
1,0.16666666666666666,0.005154639175257732,0.01,194.0
accuracy,0.7122093023255814,0.7122093023255814,0.7122093023255814,0.7122093023255814
macro avg,0.4418377321603128,0.49751659084268957,0.42081632653061224,688.0
weighted avg,0.5618251153697514,0.7122093023255814,0.5999513526340768,688.0
