,precision,recall,f1-score,support
0,0.7445820433436533,0.9736842105263158,0.843859649122807,494.0
1,0.6904761904761905,0.14948453608247422,0.2457627118644068,194.0
accuracy,0.7412790697674418,0.7412790697674418,0.7412790697674418,0.7412790697674418
macro avg,0.7175291169099218,0.561584373304395,0.5448111804936069,688.0
weighted avg,0.7293254511106769,0.7412790697674418,0.6752102220470372,688.0
