,precision,recall,f1-score,support
0,0.7446457990115322,0.9149797570850202,0.821071752951862,494.0
1,0.48148148148148145,0.20103092783505155,0.28363636363636363,194.0
accuracy,0.7136627906976745,0.7136627906976745,0.7136627906976745,0.7136627906976745
macro avg,0.6130636402465068,0.5580053424600359,0.5523540582941128,688.0
weighted avg,0.6704395815684655,0.7136627906976745,0.6695274716623173,688.0
