,precision,recall,f1-score,support
0,0.8259109311740891,0.41295546558704455,0.5506072874493927,494.0
1,0.3424036281179138,0.7783505154639175,0.4755905511811024,194.0
accuracy,0.5159883720930233,0.5159883720930233,0.5159883720930233,0.5159883720930233
macro avg,0.5841572796460015,0.595652990525481,0.5130989193152475,688.0
weighted avg,0.6895731160681327,0.5159883720930233,0.5294543123969969,688.0
