,precision,recall,f1-score,support
0,0.7455138662316476,0.9251012145748988,0.8256549232158988,494.0
1,0.5066666666666667,0.1958762886597938,0.2825278810408922,194.0
accuracy,0.7194767441860465,0.7194767441860465,0.7194767441860465,0.7194767441860465
macro avg,0.6260902664491572,0.5604887516173463,0.5540914021283956,688.0
weighted avg,0.6781645105403594,0.7194767441860465,0.6725057281839928,688.0
