,precision,recall,f1-score,support
0,0.7130177514792899,0.9757085020242915,0.8239316239316239,494.0
1,0.0,0.0,0.0,194.0
accuracy,0.7005813953488372,0.7005813953488372,0.7005813953488372,0.7005813953488372
macro avg,0.35650887573964496,0.48785425101214575,0.41196581196581195,688.0
weighted avg,0.5119633273703041,0.7005813953488372,0.5916020671834624,688.0
