,precision,recall,f1-score,support
0,0.6805845511482255,0.659919028340081,0.6700924974306269,494.0
1,0.19617224880382775,0.211340206185567,0.20347394540942929,194.0
accuracy,0.5334302325581395,0.5334302325581395,0.5334302325581395,0.5334302325581395
macro avg,0.4383783999760266,0.435629617262824,0.4367832214200281,688.0
weighted avg,0.5439915472894854,0.5334302325581395,0.5385169173548823,688.0
