,precision,recall,f1-score,support
0,0.7432432432432432,0.7793522267206477,0.7608695652173914,494.0
1,0.3588235294117647,0.31443298969072164,0.33516483516483514,194.0
accuracy,0.6482558139534884,0.6482558139534884,0.6482558139534884,0.6482558139534884
macro avg,0.551033386327504,0.5468926082056846,0.5480172001911132,688.0
weighted avg,0.6348458239361112,0.6482558139534884,0.6408307314525716,688.0
