,precision,recall,f1-score,support
0,0.8262463343108505,0.8955105284068335,0.859485224022879,5034.0
1,0.6534914361001317,0.511340206185567,0.573742047426258,1940.0
accuracy,0.7886435331230284,0.7886435331230284,0.7886435331230284,0.7886435331230284
macro avg,0.7398688852054911,0.7034253672962003,0.7166136357245685,6974.0
weighted avg,0.778190053477929,0.7886435331230284,0.7799983065296979,6974.0
