,precision,recall,f1-score,support
0,0.8319694489907256,0.9088200238379023,0.8686983765309029,5034.0
1,0.6888135593220339,0.5237113402061856,0.5950219619326501,1940.0
accuracy,0.8016919988528821,0.8016919988528821,0.8016919988528821,0.8016919988528821
macro avg,0.7603915041563798,0.7162656820220439,0.7318601692317765,6974.0
weighted avg,0.7921469044026468,0.8016919988528821,0.7925681436200037,6974.0
