,precision,recall,f1-score,support
0,0.7107061503416856,0.631578947368421,0.6688102893890675,494.0
1,0.26907630522088355,0.34536082474226804,0.30248306997742663,194.0
accuracy,0.5508720930232558,0.5508720930232558,0.5508720930232558,0.5508720930232558
macro avg,0.4898912277812846,0.4884698860553445,0.48564667968324704,688.0
weighted avg,0.5861768044791339,0.5508720930232558,0.5655145327526455,688.0
