,precision,recall,f1-score,support
0,0.7446153846153846,0.4898785425101215,0.590964590964591,494.0
1,0.30578512396694213,0.5721649484536082,0.3985637342908438,194.0
accuracy,0.5130813953488372,0.5130813953488372,0.5130813953488372,0.5130813953488372
macro avg,0.5252002542911633,0.5310217454818649,0.4947641626277174,688.0
weighted avg,0.6208754564674226,0.5130813953488372,0.5367120238211216,688.0
