,precision,recall,f1-score,support
0,0.7147540983606557,0.44129554655870445,0.5456821026282853,494.0
1,0.2793733681462141,0.5515463917525774,0.3708838821490468,194.0
accuracy,0.47238372093023256,0.47238372093023256,0.47238372093023256,0.47238372093023256
macro avg,0.4970637332534349,0.49642096915564093,0.45828299238866604,688.0
weighted avg,0.591986857573444,0.47238372093023256,0.4963930695280349,688.0
