,precision,recall,f1-score,support
0,0.7702407002188184,0.7111111111111111,0.7394957983193278,495.0
1,0.38095238095238093,0.45595854922279794,0.41509433962264153,193.0
accuracy,0.6395348837209303,0.6395348837209303,0.6395348837209303,0.6395348837209303
macro avg,0.5755965405855996,0.5835348301669545,0.5772950689709846,688.0
weighted avg,0.6610362734478555,0.6395348837209303,0.6484936449349377,688.0
