,precision,recall,f1-score,support
0,0.7345132743362832,0.8383838383838383,0.7830188679245284,495.0
1,0.34959349593495936,0.22279792746113988,0.2721518987341772,193.0
accuracy,0.6656976744186046,0.6656976744186046,0.6656976744186046,0.6656976744186046
macro avg,0.5420533851356213,0.5305908829224891,0.5275853833293528,688.0
weighted avg,0.6265343248719584,0.6656976744186046,0.6397088024394444,688.0
