,precision,recall,f1-score,support
0,0.7450980392156863,0.6153846153846154,0.6740576496674058,494.0
1,0.32142857142857145,0.4639175257731959,0.379746835443038,194.0
accuracy,0.5726744186046512,0.5726744186046512,0.5726744186046512,0.5726744186046512
macro avg,0.5332633053221288,0.5396510705789057,0.5269022425552219,688.0
weighted avg,0.6256331020780405,0.5726744186046512,0.5910688444936743,688.0
