,precision,recall,f1-score,support
0,0.7585301837270341,0.5850202429149798,0.6605714285714286,494.0
1,0.3322475570032573,0.5257731958762887,0.40718562874251496,194.0
accuracy,0.5683139534883721,0.5683139534883721,0.5683139534883721,0.5683139534883721
macro avg,0.5453888703651457,0.5553967193956342,0.5338785286569718,688.0
weighted avg,0.6383283965403876,0.5683139534883721,0.5891225257126942,688.0
