,precision,recall,f1-score,support
0,0.7801556420233463,0.8101010101010101,0.7948463825569871,495.0
1,0.45977011494252873,0.41450777202072536,0.4359673024523161,193.0
accuracy,0.6991279069767442,0.6991279069767442,0.6991279069767442,0.6991279069767442
macro avg,0.6199628784829375,0.6123043910608678,0.6154068425046516,688.0
weighted avg,0.6902800508509658,0.6991279069767442,0.6941724545625081,688.0
