,precision,recall,f1-score,support
0,0.7205240174672489,1.0,0.8375634517766497,495.0
1,1.0,0.0051813471502590676,0.010309278350515464,193.0
accuracy,0.7209302325581395,0.7209302325581395,0.7209302325581395,0.7209302325581395
macro avg,0.8602620087336245,0.5025906735751295,0.42393636506358257,688.0
weighted avg,0.7989235300091398,0.7209302325581395,0.6054994176614696,688.0
