,precision,recall,f1-score,support
0,0.8120548896994962,0.9286849423917362,0.8664627930682977,5034.0
1,0.705012325390304,0.4422680412371134,0.5435540069686411,1940.0
accuracy,0.7933753943217665,0.7933753943217665,0.7933753943217665,0.7933753943217665
macro avg,0.7585336075449001,0.6854764918144247,0.7050084000184693,6974.0
weighted avg,0.7822782084893107,0.7933753943217665,0.7766372919164,6974.0
