,precision,recall,f1-score,support
0,0.8897571867150432,0.6332936034962257,0.7399326911918301,5034.0
1,0.45561781185491007,0.7963917525773195,0.5796285875070343,1940.0
accuracy,0.6786636076856897,0.6786636076856897,0.6786636076856897,0.6786636076856897
macro avg,0.6726874992849766,0.7148426780367726,0.6597806393494322,6974.0
weighted avg,0.7689899961173005,0.6786636076856897,0.695339923605294,6974.0
