,precision,recall,f1-score,support
0,0.8072289156626506,0.6767676767676768,0.7362637362637363,495.0
1,0.4139194139194139,0.5854922279792746,0.48497854077253216,193.0
accuracy,0.6511627906976745,0.6511627906976745,0.6511627906976745,0.6511627906976745
macro avg,0.6105741647910323,0.6311299523734757,0.6106211385181343,688.0
weighted avg,0.6968964536910741,0.6511627906976745,0.6657723950866979,688.0
