,precision,recall,f1-score,support
0,0.7658349328214972,0.806060606060606,0.7854330708661418,495.0
1,0.4251497005988024,0.36787564766839376,0.39444444444444443,193.0
accuracy,0.6831395348837209,0.6831395348837209,0.6831395348837209,0.6831395348837209
macro avg,0.5954923167101498,0.5869681268645,0.5899387576552931,688.0
weighted avg,0.670264802270654,0.6831395348837209,0.6757516683961018,688.0
