,precision,recall,f1-score,support
0,0.7767441860465116,0.6747474747474748,0.7221621621621621,495.0
1,0.375968992248062,0.5025906735751295,0.43015521064301554,193.0
accuracy,0.626453488372093,0.626453488372093,0.626453488372093,0.626453488372093
macro avg,0.5763565891472868,0.5886690741613021,0.5761586864025888,688.0
weighted avg,0.6643174238327023,0.626453488372093,0.6402474214017038,688.0
