,precision,recall,f1-score,support
0,0.8214285714285714,0.9366309098132698,0.8752552441061815,5034.0
1,0.7414910858995137,0.47164948453608246,0.5765595463137996,1940.0
accuracy,0.8072841984513909,0.8072841984513909,0.8072841984513909,0.8072841984513909
macro avg,0.7814598286640426,0.7041401971746761,0.7259073952099906,6974.0
weighted avg,0.7991918748518045,0.8072841984513909,0.7921652450070675,6974.0
