,precision,recall,f1-score,support
0,0.8212180746561886,0.9133889551052841,0.8648546976394245,5034.0
1,0.6829090909090909,0.48402061855670103,0.5665158371040724,1940.0
accuracy,0.793948953254947,0.793948953254947,0.793948953254947,0.793948953254947
macro avg,0.7520635827826397,0.6987047868309926,0.7156852673717484,6974.0
weighted avg,0.7827438233700731,0.793948953254947,0.7818639621305942,6974.0
