,precision,recall,f1-score,support
0,0.7797270955165692,0.8080808080808081,0.7936507936507936,495.0
1,0.45714285714285713,0.41450777202072536,0.43478260869565216,193.0
accuracy,0.6976744186046512,0.6976744186046512,0.6976744186046512,0.6976744186046512
macro avg,0.6184349763297131,0.6112942900507667,0.6142167011732229,688.0
weighted avg,0.6892347146937111,0.6976744186046512,0.6929799219991333,688.0
