,precision,recall,f1-score,support
0,0.7389060887512899,0.9956297179181566,0.8482694423288483,5034.0
1,0.8848167539267016,0.08711340206185567,0.15861098076020647,1940.0
accuracy,0.7429022082018928,0.7429022082018928,0.7429022082018928,0.7429022082018928
macro avg,0.8118614213389957,0.5413715599900061,0.5034402115445273,6974.0
weighted avg,0.7794949459982499,0.7429022082018928,0.6564229531629227,6974.0
