,precision,recall,f1-score,support
0,0.751207729468599,0.6295546558704453,0.6850220264317181,494.0
1,0.33211678832116787,0.4690721649484536,0.3888888888888889,194.0
accuracy,0.5843023255813954,0.5843023255813954,0.5843023255813954,0.5843023255813954
macro avg,0.5416622588948834,0.5493134104094495,0.5369554576603035,688.0
weighted avg,0.6330338303659804,0.5843023255813954,0.6015193684617924,688.0
