,precision,recall,f1-score,support
0,0.7583892617449665,0.4574898785425101,0.5707070707070707,494.0
1,0.3128205128205128,0.6288659793814433,0.4178082191780822,194.0
accuracy,0.5058139534883721,0.5058139534883721,0.5058139534883721,0.5058139534883721
macro avg,0.5356048872827397,0.5431779289619767,0.49425764494257646,688.0
weighted avg,0.632749236612199,0.5058139534883721,0.5275931503631408,688.0
