,precision,recall,f1-score,support
0,0.7655860349127181,0.6214574898785425,0.6860335195530727,494.0
1,0.34843205574912894,0.5154639175257731,0.4158004158004158,194.0
accuracy,0.5915697674418605,0.5915697674418605,0.5915697674418605,0.5915697674418605
macro avg,0.5570090453309235,0.5684607037021578,0.5509169676767443,688.0
weighted avg,0.6479583140439155,0.5915697674418605,0.6098340687856084,688.0
