,precision,recall,f1-score,support
0,0.7649667405764967,0.6983805668016194,0.7301587301587301,494.0
1,0.37130801687763715,0.4536082474226804,0.40835266821345706,194.0
accuracy,0.6293604651162791,0.6293604651162791,0.6293604651162791,0.6293604651162791
macro avg,0.5681373787270669,0.5759944071121499,0.5692556991860935,688.0
weighted avg,0.6539641353474579,0.6293604651162791,0.6394169045520688,688.0
