,precision,recall,f1-score,support
0,0.7263313609467456,0.9939271255060729,0.8393162393162393,494.0
1,0.75,0.04639175257731959,0.08737864077669903,194.0
accuracy,0.7267441860465116,0.7267441860465116,0.7267441860465116,0.7267441860465116
macro avg,0.7381656804733727,0.5201594390416963,0.46334744004646916,688.0
weighted avg,0.733005366726297,0.7267441860465116,0.6272873234489852,688.0
