,precision,recall,f1-score,support
0,0.7709059233449478,0.895748987854251,0.8286516853932584,988.0
1,0.5462555066079295,0.32041343669250644,0.40390879478827363,387.0
accuracy,0.7338181818181818,0.7338181818181818,0.7338181818181818,0.7338181818181818
macro avg,0.6585807149764387,0.6080812122733787,0.616280240090766,1375.0
weighted avg,0.7076770424160561,0.7338181818181818,0.7091058681829827,1375.0
