,precision,recall,f1-score,support
0,0.7871532364597094,0.9469606674612634,0.8596934174932371,5034.0
1,0.7091503267973857,0.3355670103092783,0.4555633310006998,1940.0
accuracy,0.7768855749928305,0.7768855749928305,0.7768855749928305,0.7768855749928305
macro avg,0.7481517816285475,0.6412638388852708,0.6576283742469684,6974.0
weighted avg,0.7654546926190285,0.7768855749928305,0.7472740931749804,6974.0
