,precision,recall,f1-score,support
0,0.7161764705882353,0.9858299595141701,0.8296422487223168,494.0
1,0.125,0.005154639175257732,0.009900990099009901,194.0
accuracy,0.7093023255813954,0.7093023255813954,0.7093023255813954,0.7093023255813954
macro avg,0.42058823529411765,0.4954922993447139,0.4197716194106634,688.0
weighted avg,0.5494784541723666,0.7093023255813954,0.5984942775407448,688.0
