,precision,recall,f1-score,support
0,0.735973597359736,0.902834008097166,0.8109090909090909,494.0
1,0.4146341463414634,0.17525773195876287,0.2463768115942029,194.0
accuracy,0.6976744186046512,0.6976744186046512,0.6976744186046512,0.6976744186046512
macro avg,0.5753038718505997,0.5390458700279644,0.528642951251647,688.0
weighted avg,0.6453633451830719,0.6976744186046512,0.6517241167999509,688.0
