,precision,recall,f1-score,support
0,0.8149524030647782,0.6972586412395709,0.7515255325982229,5034.0
1,0.42857142857142855,0.5891752577319588,0.49620143260256133,1940.0
accuracy,0.667192429022082,0.667192429022082,0.667192429022082,0.667192429022082
macro avg,0.6217619158181034,0.6432169494857649,0.6238634826003921,6974.0
weighted avg,0.7074704571919508,0.667192429022082,0.6805004746699774,6974.0
