,precision,recall,f1-score,support
0,0.7168674698795181,0.9635627530364372,0.8221070811744386,494.0
1,0.25,0.030927835051546393,0.05504587155963303,194.0
accuracy,0.7005813953488372,0.7005813953488372,0.7005813953488372,0.7005813953488372
macro avg,0.48343373493975905,0.4972452940439918,0.43857647636703584,688.0
weighted avg,0.5852217007565145,0.7005813953488372,0.6058136586958451,688.0
