,precision,recall,f1-score,support
0,0.8352655198204937,0.8873659117997617,0.860527836640339,5034.0
1,0.6512915129151291,0.5458762886597938,0.5939427930454291,1940.0
accuracy,0.7923716661887009,0.7923716661887009,0.7923716661887009,0.7923716661887009
macro avg,0.7432785163678114,0.7166211002297778,0.7272353148428841,6974.0
weighted avg,0.7840883512807163,0.7923716661887009,0.7863702535353597,6974.0
