,precision,recall,f1-score,support
0,0.7325227963525835,0.9757085020242915,0.8368055555555556,494.0
1,0.6,0.09278350515463918,0.16071428571428573,194.0
accuracy,0.7267441860465116,0.7267441860465116,0.7267441860465116,0.7267441860465116
macro avg,0.6662613981762917,0.5342460035894654,0.49875992063492064,688.0
weighted avg,0.6951544497066515,0.7267441860465116,0.6461635405131045,688.0
