,precision,recall,f1-score,support
0,0.7182481751824817,0.9959514170040485,0.8346055979643766,494.0
1,0.3333333333333333,0.005154639175257732,0.01015228426395939,194.0
accuracy,0.7165697674418605,0.7165697674418605,0.7165697674418605,0.7165697674418605
macro avg,0.5257907542579076,0.5005530280896532,0.422378941114168,688.0
weighted avg,0.6097111412889719,0.7165697674418605,0.6021289368337357,688.0
