,precision,recall,f1-score,support
0,0.8246799431009957,0.9213349225268176,0.870332144867705,5034.0
1,0.7066666666666667,0.4917525773195876,0.5799392097264437,1940.0
accuracy,0.8018353885861772,0.8018353885861772,0.8018353885861772,0.8018353885861772
macro avg,0.7656733048838311,0.7065437499232026,0.7251356772970744,6974.0
weighted avg,0.7918514721685899,0.8018353885861772,0.7895517757575751,6974.0
