,precision,recall,f1-score,support
0,0.8090494681749114,0.9519268970997219,0.8746919777311308,5034.0
1,0.7697431018078021,0.41701030927835053,0.5409562019391508,1940.0
accuracy,0.8031258961858331,0.8031258961858331,0.8031258961858331,0.8031258961858331
macro avg,0.7893962849913567,0.6844686031890362,0.7078240898351409,6974.0
weighted avg,0.7981153771579639,0.8031258961858331,0.7818546670003534,6974.0
