,precision,recall,f1-score,support
0,0.7904935409075853,0.9481525625744934,0.8621748554913294,5034.0
1,0.7211538461538461,0.3479381443298969,0.4694019471488178,1940.0
accuracy,0.7811872669916834,0.7811872669916834,0.7811872669916834,0.7811872669916834
macro avg,0.7558236935307157,0.6480453534521952,0.6657884013200737,6974.0
weighted avg,0.7712048962528313,0.7811872669916834,0.752914826500152,6974.0
