,precision,recall,f1-score,support
0,0.8031788975312817,0.9435836313071116,0.8677383997077092,5034.0
1,0.7320754716981132,0.4,0.5173333333333333,1940.0
accuracy,0.7923716661887009,0.7923716661887009,0.7923716661887009,0.7923716661887009
macro avg,0.7676271846146974,0.6717918156535558,0.6925358665205212,6974.0
weighted avg,0.7833996250741054,0.7923716661887009,0.7702640910231252,6974.0
