,precision,recall,f1-score,support
0,0.7619926199261993,0.8360323886639676,0.7972972972972973,494.0
1,0.4452054794520548,0.33505154639175255,0.38235294117647056,194.0
accuracy,0.6947674418604651,0.6947674418604651,0.6947674418604651,0.6947674418604651
macro avg,0.603599049689127,0.58554196752786,0.589825119236884,688.0
weighted avg,0.6726660134552923,0.6947674418604651,0.6802926387399711,688.0
