,precision,recall,f1-score,support
0,0.7291666666666666,0.4251012145748988,0.5370843989769821,494.0
1,0.29,0.5979381443298969,0.39057239057239057,194.0
accuracy,0.4738372093023256,0.4738372093023256,0.4738372093023256,0.4738372093023256
macro avg,0.5095833333333333,0.5115196794523978,0.46382839477468635,688.0
weighted avg,0.6053318798449612,0.4738372093023256,0.4957714198628967,688.0
