,precision,recall,f1-score,support
0,0.7597087378640777,0.6336032388663968,0.6909492273730684,494.0
1,0.3442028985507246,0.4896907216494845,0.40425531914893614,194.0
accuracy,0.5930232558139535,0.5930232558139535,0.5930232558139535,0.5930232558139535
macro avg,0.5519558182074011,0.5616469802579407,0.5476022732610023,688.0
weighted avg,0.6425457541042078,0.5930232558139535,0.6101082125540543,688.0
