,precision,recall,f1-score,support
0,0.7762430939226519,0.5688259109311741,0.6565420560747663,494.0
1,0.34662576687116564,0.5824742268041238,0.4346153846153846,194.0
accuracy,0.5726744186046512,0.5726744186046512,0.5726744186046512,0.5726744186046512
macro avg,0.5614344303969088,0.5756500688676489,0.5455787203450755,688.0
weighted avg,0.6551009987947618,0.5726744186046512,0.5939638958086035,688.0
