,precision,recall,f1-score,support
0,0.7658536585365854,0.9534412955465587,0.8494138863841298,494.0
1,0.6805555555555556,0.2538860103626943,0.36981132075471695,193.0
accuracy,0.7569141193595342,0.7569141193595342,0.7569141193595342,0.7569141193595342
macro avg,0.7232046070460705,0.6036636529546264,0.6096126035694234,687.0
weighted avg,0.7418907271314343,0.7569141193595342,0.7146783766803793,687.0
