,precision,recall,f1-score,support
0,0.7373271889400922,0.97165991902834,0.8384279475982532,494.0
1,0.6111111111111112,0.11398963730569948,0.19213973799126638,193.0
accuracy,0.7307132459970888,0.7307132459970888,0.7307132459970888,0.7307132459970888
macro avg,0.6742191500256016,0.5428247781670198,0.5152838427947598,687.0
weighted avg,0.7018691059401019,0.7307132459970888,0.6568651754670328,687.0
