,precision,recall,f1-score,support
0,0.8135922330097087,0.8481781376518218,0.8305252725470763,494.0
1,0.563953488372093,0.5025906735751295,0.5315068493150685,193.0
accuracy,0.7510917030567685,0.7510917030567685,0.7510917030567685,0.7510917030567685
macro avg,0.6887728606909009,0.6753844056134757,0.6810160609310725,687.0
weighted avg,0.7434608243997235,0.7510917030567685,0.7465215524833536,687.0
