,precision,recall,f1-score,support
0,0.8095320324641685,0.9312673818037346,0.8661431870669746,5034.0
1,0.7075232459847844,0.4314432989690722,0.5360230547550432,1940.0
accuracy,0.7922282764554058,0.7922282764554058,0.7922282764554058,0.7922282764554058
macro avg,0.7585276392244764,0.6813553403864034,0.7010831209110089,6974.0
weighted avg,0.78115562785132,0.7922282764554058,0.7743116618755282,6974.0
