,precision,recall,f1-score,support
0,0.7532808398950132,0.5809716599190283,0.656,494.0
1,0.3257328990228013,0.5154639175257731,0.3992015968063872,194.0
accuracy,0.5625,0.5625,0.5625,0.5625
macro avg,0.5395068694589072,0.5482177887224007,0.5276007984031936,688.0
weighted avg,0.6327222635444186,0.5625,0.5835888223552894,688.0
