,precision,recall,f1-score,support
0,0.8839469808541973,0.5961462058005562,0.7120654881955155,5034.0
1,0.4319642358200615,0.7969072164948454,0.5602464214531618,1940.0
accuracy,0.6519931172928018,0.6519931172928018,0.6519931172928018,0.6519931172928018
macro avg,0.6579556083371294,0.6965267111477008,0.6361559548243387,6974.0
weighted avg,0.7582161914412029,0.6519931172928018,0.6698330549462802,6974.0
