,precision,recall,f1-score,support
0,0.7429022082018928,0.9534412955465587,0.8351063829787234,494.0
1,0.5740740740740741,0.15979381443298968,0.25,194.0
accuracy,0.7296511627906976,0.7296511627906976,0.7296511627906976,0.7296511627906976
macro avg,0.6584881411379835,0.5566175549897742,0.5425531914893618,688.0
weighted avg,0.6952966006135253,0.7296511627906976,0.670119990103909,688.0
