,precision,recall,f1-score,support
0,0.772,0.7813765182186235,0.7766599597585513,494.0
1,0.425531914893617,0.41237113402061853,0.418848167539267,194.0
accuracy,0.6773255813953488,0.6773255813953488,0.6773255813953488,0.6773255813953488
macro avg,0.5987659574468085,0.596873826119621,0.5977540636489092,688.0
weighted avg,0.6743040573973281,0.6773255813953488,0.6757653555571834,688.0
