,precision,recall,f1-score,support
0,0.7641996557659209,0.8987854251012146,0.826046511627907,988.0
1,0.5305164319248826,0.29198966408268734,0.37666666666666665,387.0
accuracy,0.728,0.728,0.728,0.728
macro avg,0.6473580438454017,0.595387544591951,0.6013565891472868,1375.0
weighted avg,0.6984284502193886,0.728,0.699566511627907,1375.0
