,precision,recall,f1-score,support
0,0.7348484848484849,0.9797979797979798,0.8398268398268398,495.0
1,0.6428571428571429,0.09326424870466321,0.16289592760180996,193.0
accuracy,0.7311046511627907,0.7311046511627907,0.7311046511627907,0.7311046511627907
macro avg,0.6888528138528138,0.5365311142513215,0.5013613837143249,688.0
weighted avg,0.7090427740863787,0.7311046511627907,0.6499319763683649,688.0
