,precision,recall,f1-score,support
0,0.8209006531454108,0.9487485101311085,0.88020641356432,5034.0
1,0.7768166089965398,0.46288659793814435,0.5801033591731266,1940.0
accuracy,0.8135933467163751,0.8135933467163751,0.8135933467163751,0.8135933467163751
macro avg,0.7988586310709753,0.7058175540346264,0.7301548863687233,6974.0
weighted avg,0.8086375264392437,0.8135933467163751,0.796724921519738,6974.0
