,precision,recall,f1-score,support
0,0.7740112994350282,0.8303030303030303,0.8011695906432749,495.0
1,0.46496815286624205,0.37823834196891193,0.41714285714285715,193.0
accuracy,0.7034883720930233,0.7034883720930233,0.7034883720930233,0.7034883720930233
macro avg,0.6194897261506351,0.6042706861359711,0.609156223893066,688.0
weighted avg,0.6873175097725636,0.7034883720930233,0.6934411610421403,688.0
