,precision,recall,f1-score,support
0,0.6927272727272727,0.3852376137512639,0.4951267056530214,989.0
1,0.2639225181598063,0.5633074935400517,0.359439406430338,387.0
accuracy,0.43531976744186046,0.43531976744186046,0.43531976744186046,0.43531976744186046
macro avg,0.4783248954435395,0.4742725536456578,0.4272830560416797,1376.0
weighted avg,0.5721259355051728,0.43531976744186046,0.4569646527466417,1376.0
