,precision,recall,f1-score,support
0,0.7172161172161172,0.9898887765419616,0.8317757009345794,989.0
1,0.09090909090909091,0.002583979328165375,0.005025125628140704,387.0
accuracy,0.7122093023255814,0.7122093023255814,0.7122093023255814,0.7122093023255814
macro avg,0.4040626040626041,0.4962363779350635,0.4184004132813601,1376.0
weighted avg,0.5410672660672661,0.7122093023255814,0.5992521016296436,1376.0
