,precision,recall,f1-score,support
0,0.7852760736196319,0.5171717171717172,0.6236297198538368,495.0
1,0.3397790055248619,0.6373056994818653,0.44324324324324327,193.0
accuracy,0.5508720930232558,0.5508720930232558,0.5508720930232558,0.5508720930232558
macro avg,0.5625275395722469,0.5772387083267912,0.53343648154854,688.0
weighted avg,0.6603037856221164,0.5508720930232558,0.5730271181302256,688.0
