,precision,recall,f1-score,support
0,0.75,0.5454545454545454,0.631578947368421,495.0
1,0.31402439024390244,0.533678756476684,0.39539347408829173,193.0
accuracy,0.5421511627906976,0.5421511627906976,0.5421511627906976,0.5421511627906976
macro avg,0.5320121951219512,0.5395666509656147,0.5134862107283564,688.0
weighted avg,0.6276987024957459,0.5421511627906976,0.5653234294279197,688.0
