,precision,recall,f1-score,support
0,0.8498498498498499,0.5717171717171717,0.6835748792270532,495.0
1,0.4028169014084507,0.7409326424870466,0.5218978102189781,193.0
accuracy,0.6191860465116279,0.6191860465116279,0.6191860465116279,0.6191860465116279
macro avg,0.6263333756291503,0.6563249071021091,0.6027363447230156,688.0
weighted avg,0.7244467116969574,0.6191860465116279,0.6382207014384507,688.0
