,precision,recall,f1-score,support
0,0.8361142009640341,0.8959078267779103,0.8649789029535865,5034.0
1,0.6683544303797468,0.5443298969072164,0.6,1940.0
accuracy,0.7981072555205048,0.7981072555205048,0.7981072555205048,0.7981072555205048
macro avg,0.7522343156718905,0.7201188618425634,0.7324894514767932,6974.0
weighted avg,0.7894474451662828,0.7981072555205048,0.7912681097603033,6974.0
