,precision,recall,f1-score,support
0,0.7626774847870182,0.7611336032388664,0.7619047619047619,494.0
1,0.39487179487179486,0.39690721649484534,0.39588688946015427,194.0
accuracy,0.6584302325581395,0.6584302325581395,0.6584302325581395,0.6584302325581395
macro avg,0.5787746398294066,0.5790204098668559,0.5788958256824581,688.0
weighted avg,0.658964833851621,0.6584302325581395,0.6586962339189277,688.0
