,precision,recall,f1-score,support
0,0.7231222385861561,0.9939271255060729,0.8371696504688833,494.0
1,0.6666666666666666,0.030927835051546393,0.059113300492610835,194.0
accuracy,0.7223837209302325,0.7223837209302325,0.7223837209302325,0.7223837209302325
macro avg,0.6948944526264114,0.5124274802788096,0.44814147548074706,688.0
weighted avg,0.7072030802251372,0.7223837209302325,0.6177758541092948,688.0
