,precision,recall,f1-score,support
0,0.7591125198098256,0.9696356275303644,0.8515555555555555,494.0
1,0.7368421052631579,0.21649484536082475,0.3346613545816733,194.0
accuracy,0.7572674418604651,0.7572674418604651,0.7572674418604651,0.7572674418604651
macro avg,0.7479773125364917,0.5930652364455946,0.5931084550686144,688.0
weighted avg,0.7528327808242826,0.7572674418604651,0.7058034116762922,688.0
