,precision,recall,f1-score,support
0,0.7082294264339152,0.5737373737373738,0.6339285714285714,495.0
1,0.26480836236933797,0.39378238341968913,0.31666666666666665,193.0
accuracy,0.5232558139534884,0.5232558139534884,0.5232558139534884,0.5232558139534884
macro avg,0.48651889440162654,0.4837598785785314,0.475297619047619,688.0
weighted avg,0.5838395058460324,0.5232558139534884,0.5449292289590254,688.0
