,precision,recall,f1-score,support
0,0.7654941373534339,0.9232323232323232,0.836996336996337,495.0
1,0.5824175824175825,0.27461139896373055,0.3732394366197183,193.0
accuracy,0.7412790697674418,0.7412790697674418,0.7412790697674418,0.7412790697674418
macro avg,0.6739558598855082,0.5989218610980269,0.6051178868080277,688.0
weighted avg,0.7141369060996267,0.7412790697674418,0.7069017413965006,688.0
