,precision,recall,f1-score,support
0,0.7943107221006565,0.7333333333333333,0.7626050420168067,495.0
1,0.42857142857142855,0.5129533678756477,0.4669811320754717,193.0
accuracy,0.6715116279069767,0.6715116279069767,0.6715116279069767,0.6715116279069767
macro avg,0.6114410753360425,0.6231433506044906,0.6147930870461392,688.0
weighted avg,0.6917123447007423,0.6715116279069767,0.6796756603036124,688.0
