,precision,recall,f1-score,support
0,0.7128712871287128,0.43636363636363634,0.5413533834586466,495.0
1,0.2753246753246753,0.5492227979274611,0.36678200692041524,193.0
accuracy,0.4680232558139535,0.4680232558139535,0.4680232558139535,0.4680232558139535
macro avg,0.49409798122669407,0.4927932171455487,0.45406769518953094,688.0
weighted avg,0.5901292870150803,0.4680232558139535,0.49238205254021833,688.0
