,precision,recall,f1-score,support
0,0.7411764705882353,0.6363636363636364,0.6847826086956522,495.0
1,0.3155893536121673,0.43005181347150256,0.36403508771929827,193.0
accuracy,0.5784883720930233,0.5784883720930233,0.5784883720930233,0.5784883720930233
macro avg,0.5283829121002013,0.5332077249175695,0.5244088482074752,688.0
weighted avg,0.6217893869016348,0.5784883720930233,0.594805469817111,688.0
