,precision,recall,f1-score,support
0,0.7403100775193798,0.7717171717171717,0.7556874381800198,495.0
1,0.3430232558139535,0.30569948186528495,0.3232876712328767,193.0
accuracy,0.6409883720930233,0.6409883720930233,0.6409883720930233,0.6409883720930233
macro avg,0.5416666666666666,0.5387083267912283,0.5394875547064483,688.0
weighted avg,0.6288618848025961,0.6409883720930233,0.6343892477428126,688.0
