,precision,recall,f1-score,support
0,0.7331606217616581,0.5717171717171717,0.6424517593643587,495.0
1,0.2980132450331126,0.46632124352331605,0.36363636363636365,193.0
accuracy,0.5421511627906976,0.5421511627906976,0.5421511627906976,0.5421511627906976
macro avg,0.5155869333973854,0.5190192076202439,0.5030440615003612,688.0
weighted avg,0.6110916628828654,0.5421511627906976,0.5642375567836857,688.0
