,precision,recall,f1-score,support
0,0.7401812688821753,0.98989898989899,0.8470181503889369,495.0
1,0.8076923076923077,0.10880829015544041,0.1917808219178082,193.0
accuracy,0.7427325581395349,0.7427325581395349,0.7427325581395349,0.7427325581395349
macro avg,0.7739367882872414,0.5493536400272152,0.5193994861533726,688.0
weighted avg,0.7591196852925758,0.7427325581395349,0.6632088416753791,688.0
