,precision,recall,f1-score,support
0,0.7176128093158661,0.9979757085020243,0.8348856900931414,494.0
1,0.0,0.0,0.0,194.0
accuracy,0.7165697674418605,0.7165697674418605,0.7165697674418605,0.7165697674418605
macro avg,0.35880640465793306,0.49898785425101216,0.4174428450465707,688.0
weighted avg,0.515262685758776,0.7165697674418605,0.5994673414331568,688.0
