,precision,recall,f1-score,support
0,0.7408376963350786,0.5728744939271255,0.6461187214611872,494.0
1,0.3104575163398693,0.4896907216494845,0.38,194.0
accuracy,0.5494186046511628,0.5494186046511628,0.5494186046511628,0.5494186046511628
macro avg,0.525647606337474,0.531282607788305,0.5130593607305935,688.0
weighted avg,0.6194804944178247,0.5494186046511628,0.5710794308166083,688.0
