,precision,recall,f1-score,support
0,0.746031746031746,0.5708502024291497,0.6467889908256881,494.0
1,0.3161290322580645,0.5051546391752577,0.3888888888888889,194.0
accuracy,0.5523255813953488,0.5523255813953488,0.5523255813953488,0.5523255813953488
macro avg,0.5310803891449053,0.5380024208022037,0.5178389398572885,688.0
weighted avg,0.6248091784850974,0.5523255813953488,0.5740671597563,688.0
