,precision,recall,f1-score,support
0,0.7750352609308886,0.6678821027043452,0.7174800065284805,3291.0
1,0.30514939605848695,0.4293381037567084,0.35674470457079155,1118.0
accuracy,0.6073939668859152,0.6073939668859152,0.6073939668859152,0.6073939668859152
macro avg,0.5400923284946878,0.5486101032305268,0.537112355549636,4409.0
weighted avg,0.6558852502873538,0.6073939668859152,0.6260075484679916,4409.0
