,precision,recall,f1-score,support
0,0.7644859813084112,0.8262626262626263,0.7941747572815534,495.0
1,0.43790849673202614,0.3471502590673575,0.3872832369942196,193.0
accuracy,0.6918604651162791,0.6918604651162791,0.6918604651162791,0.6918604651162791
macro avg,0.6011972390202187,0.586706442664992,0.5907289971378865,688.0
weighted avg,0.6728734020595124,0.6918604651162791,0.6800322232474613,688.0
