,precision,recall,f1-score,support
0,0.8258064516129032,0.5182186234817814,0.6368159203980099,494.0
1,0.3687002652519894,0.7202072538860104,0.48771929824561405,193.0
accuracy,0.5749636098981077,0.5749636098981077,0.5749636098981077,0.5749636098981077
macro avg,0.5972533584324463,0.6192129386838958,0.562267609321812,687.0
weighted avg,0.6973908854299973,0.5749636098981077,0.5949299697787779,687.0
