,precision,recall,f1-score,support
0,0.8341708542713567,0.6720647773279352,0.7443946188340808,494.0
1,0.43944636678200694,0.6580310880829016,0.5269709543568465,193.0
accuracy,0.6681222707423581,0.6681222707423581,0.6681222707423581,0.6681222707423581
macro avg,0.6368086105266818,0.6650479327054184,0.6356827865954636,687.0
weighted avg,0.7232802777277694,0.6681222707423581,0.6833134438062697,687.0
