,precision,recall,f1-score,support
0,0.7342908438061041,0.8279352226720648,0.7783063748810657,494.0
1,0.34615384615384615,0.23316062176165803,0.2786377708978328,193.0
accuracy,0.660844250363901,0.660844250363901,0.660844250363901,0.660844250363901
macro avg,0.5402223449799751,0.5305479222168614,0.5284720728894492,687.0
weighted avg,0.625250901234218,0.660844250363901,0.6379336811856305,687.0
