,precision,recall,f1-score,support
0,0.7681564245810056,0.9833134684147795,0.8625196027182436,5034.0
1,0.8415094339622642,0.22989690721649483,0.3611336032388664,1940.0
accuracy,0.7737310008603384,0.7737310008603384,0.7737310008603384,0.7737310008603384
macro avg,0.804832929271635,0.6066051878156372,0.611826602978555,6974.0
weighted avg,0.7885614773770541,0.7737310008603384,0.723046009516352,6974.0
