,precision,recall,f1-score,support
0,0.7515723270440252,0.9666329625884732,0.8456435205661211,989.0
1,0.6826923076923077,0.1834625322997416,0.2892057026476578,387.0
accuracy,0.7463662790697675,0.7463662790697675,0.7463662790697675,0.7463662790697675
macro avg,0.7171323173681665,0.5750477474441074,0.5674246116068895,1376.0
weighted avg,0.7321998216013547,0.7463662790697675,0.6891453842765534,1376.0
