,precision,recall,f1-score,support
0,0.7865168539325843,0.8484848484848485,0.8163265306122449,495.0
1,0.512987012987013,0.40932642487046633,0.4553314121037464,193.0
accuracy,0.7252906976744186,0.7252906976744186,0.7252906976744186,0.7252906976744186
macro avg,0.6497519334597986,0.6289056366776574,0.6358289713579957,688.0
weighted avg,0.7097853723882598,0.7252906976744186,0.7150590046352968,688.0
