,precision,recall,f1-score,support
0,0.7804713804713804,0.920937624155741,0.8449061417896847,5034.0
1,0.6150870406189555,0.32783505154639175,0.4277067921990585,1940.0
accuracy,0.7559506739317465,0.7559506739317465,0.7559506739317465,0.7559506739317465
macro avg,0.6977792105451679,0.6243863378510663,0.6363064669943717,6974.0
weighted avg,0.7344654126890885,0.7559506739317465,0.728851261060431,6974.0
